[2024-08-12 00:37:25,385: INFO: main: This is an example logging]
[2024-08-12 02:38:38,271: INFO: main: This is an example logging]
[2021-01-01 04:57:43,200: INFO: common: Yaml file : config/config.yaml loaded successfully]
[2021-01-01 04:57:43,211: INFO: common: Yaml file : params.yaml loaded successfully]
[2021-01-01 05:01:57,732: INFO: common: Yaml file : config/config.yaml loaded successfully]
[2021-01-01 05:01:57,743: INFO: common: Yaml file : params.yaml loaded successfully]
[2021-01-01 05:01:57,751: INFO: common: Yaml file : schema.yaml loaded successfully]
[2021-01-01 05:01:57,758: INFO: common: Created directory at: artifacts]
[2021-01-01 05:13:17,673: INFO: common: Yaml file : config/config.yaml loaded successfully]
[2021-01-01 05:13:17,716: INFO: common: Yaml file : params.yaml loaded successfully]
[2021-01-01 05:13:17,737: INFO: common: Yaml file : schema.yaml loaded successfully]
[2021-01-01 05:13:17,746: INFO: common: Created directory at: artifacts]
[2024-08-15 19:29:47,648: INFO: main: >>>>> Stage Data ingestion has started <<<<<]
[2024-08-15 19:29:47,678: INFO: common: Yaml file : config/config.yaml loaded successfully]
[2024-08-15 19:29:47,689: INFO: common: Yaml file : params.yaml loaded successfully]
[2024-08-15 19:29:47,698: INFO: common: Yaml file : schema.yaml loaded successfully]
[2024-08-15 19:29:47,701: INFO: common: Created directory at: artifacts]
[2024-08-15 19:29:47,702: INFO: common: Created directory at: artifacts/data_ingestion]
[2024-08-15 19:32:01,347: INFO: main: >>>>> Stage Data ingestion has started <<<<<]
[2024-08-15 19:32:01,385: INFO: common: Yaml file : config/config.yaml loaded successfully]
[2024-08-15 19:32:01,391: INFO: common: Yaml file : params.yaml loaded successfully]
[2024-08-15 19:32:01,467: INFO: common: Yaml file : schema.yaml loaded successfully]
[2024-08-15 19:32:01,473: INFO: common: Created directory at: artifacts]
[2024-08-15 19:32:01,474: INFO: common: Created directory at: artifacts/data_ingestion]
[2021-01-01 02:15:08,966: INFO: common: Yaml file : config/config.yaml loaded successfully]
[2021-01-01 02:15:08,977: INFO: common: Yaml file : params.yaml loaded successfully]
[2021-01-01 02:15:08,996: INFO: common: Yaml file : schema.yaml loaded successfully]
[2021-01-01 02:15:09,003: INFO: common: Created directory at: artifacts]
[2021-01-01 02:15:09,019: INFO: common: Created directory at: artifacts/data_transformation]
[2021-01-01 02:15:12,142: INFO: 3665554176: Data splitted into test and training set]
[2021-01-01 02:15:12,147: INFO: 3665554176: (7500, 9)]
[2021-01-01 02:15:12,172: INFO: 3665554176: (2500, 9)]
[2024-08-16 04:03:17,725: INFO: common: Yaml file : config/config.yaml loaded successfully]
[2024-08-16 04:03:17,731: INFO: common: Yaml file : params.yaml loaded successfully]
[2024-08-16 04:03:17,759: INFO: common: Yaml file : schema.yaml loaded successfully]
[2024-08-16 04:03:17,764: INFO: common: Created directory at: artifacts]
[2024-08-16 04:03:17,765: INFO: common: Created directory at: artifacts/data_validation]
[2024-08-16 04:03:25,686: INFO: common: Yaml file : config/config.yaml loaded successfully]
[2024-08-16 04:03:25,690: INFO: common: Yaml file : params.yaml loaded successfully]
[2024-08-16 04:03:25,698: INFO: common: Yaml file : schema.yaml loaded successfully]
[2024-08-16 04:03:25,699: INFO: common: Created directory at: artifacts]
[2024-08-16 04:03:25,700: INFO: common: Created directory at: artifacts/data_transformation]
[2024-08-16 04:03:26,744: INFO: data_transformation: Data splitted into test and training set]
[2024-08-16 04:03:26,745: INFO: data_transformation: (7500, 9)]
[2024-08-16 04:03:26,746: INFO: data_transformation: (2500, 9)]
[2024-08-16 04:03:26,764: INFO: main: >>>>> Stage Data ingestion has started <<<<<]
[2024-08-16 04:03:26,875: INFO: common: Yaml file : config/config.yaml loaded successfully]
[2024-08-16 04:03:26,883: INFO: common: Yaml file : params.yaml loaded successfully]
[2024-08-16 04:03:26,903: INFO: common: Yaml file : schema.yaml loaded successfully]
[2024-08-16 04:03:26,907: INFO: common: Created directory at: artifacts]
[2024-08-16 04:03:26,909: INFO: common: Created directory at: artifacts/data_ingestion]
[2024-08-16 04:03:28,013: ERROR: main: HTTP Error 400: Bad Request]
Traceback (most recent call last):
  File "/Users/ntchindagiscard/Documents/end-end-mlflow/main.py", line 11, in <module>
    obj.main()
  File "/Users/ntchindagiscard/Documents/end-end-mlflow/src/mlProject/pipeline/stage_01_data_ingestion.py", line 20, in main
    data_ingestion.download_file()
  File "/Users/ntchindagiscard/Documents/end-end-mlflow/src/mlProject/components/data_ingestion.py", line 31, in download_file
    _, headers = request.urlretrieve(
  File "/Library/Frameworks/Python.framework/Versions/3.10/lib/python3.10/urllib/request.py", line 241, in urlretrieve
    with contextlib.closing(urlopen(url, data)) as fp:
  File "/Library/Frameworks/Python.framework/Versions/3.10/lib/python3.10/urllib/request.py", line 216, in urlopen
    return opener.open(url, data, timeout)
  File "/Library/Frameworks/Python.framework/Versions/3.10/lib/python3.10/urllib/request.py", line 525, in open
    response = meth(req, response)
  File "/Library/Frameworks/Python.framework/Versions/3.10/lib/python3.10/urllib/request.py", line 634, in http_response
    response = self.parent.error(
  File "/Library/Frameworks/Python.framework/Versions/3.10/lib/python3.10/urllib/request.py", line 563, in error
    return self._call_chain(*args)
  File "/Library/Frameworks/Python.framework/Versions/3.10/lib/python3.10/urllib/request.py", line 496, in _call_chain
    result = func(*args)
  File "/Library/Frameworks/Python.framework/Versions/3.10/lib/python3.10/urllib/request.py", line 643, in http_error_default
    raise HTTPError(req.full_url, code, msg, hdrs, fp)
urllib.error.HTTPError: HTTP Error 400: Bad Request
[2021-01-01 02:40:18,628: INFO: common: Yaml file : config/config.yaml loaded successfully]
[2021-01-01 02:40:18,654: INFO: common: Yaml file : params.yaml loaded successfully]
[2021-01-01 02:40:18,681: INFO: common: Yaml file : schema.yaml loaded successfully]
[2021-01-01 02:40:18,687: INFO: common: Created directory at: artifacts]
[2021-01-01 02:40:18,700: INFO: common: Created directory at: artifacts/model_trainer]
[2021-01-01 02:41:04,784: INFO: common: Yaml file : config/config.yaml loaded successfully]
[2021-01-01 02:41:04,798: INFO: common: Yaml file : params.yaml loaded successfully]
[2021-01-01 02:41:04,824: INFO: common: Yaml file : schema.yaml loaded successfully]
[2021-01-01 02:41:04,834: INFO: common: Created directory at: artifacts]
[2021-01-01 02:41:04,848: INFO: common: Created directory at: artifacts/model_trainer]
[2021-01-01 02:42:45,789: INFO: common: Yaml file : config/config.yaml loaded successfully]
[2021-01-01 02:42:45,848: INFO: common: Yaml file : params.yaml loaded successfully]
[2021-01-01 02:42:45,869: INFO: common: Yaml file : schema.yaml loaded successfully]
[2021-01-01 02:42:45,878: INFO: common: Created directory at: artifacts]
[2021-01-01 02:42:45,889: INFO: common: Created directory at: artifacts/model_trainer]
[2021-01-01 02:44:21,814: INFO: common: Yaml file : config/config.yaml loaded successfully]
[2021-01-01 02:44:21,824: INFO: common: Yaml file : params.yaml loaded successfully]
[2021-01-01 02:44:21,839: INFO: common: Yaml file : schema.yaml loaded successfully]
[2021-01-01 02:44:21,844: INFO: common: Created directory at: artifacts]
[2021-01-01 02:44:21,848: INFO: common: Created directory at: artifacts/model_trainer]
[2021-01-01 02:47:05,922: INFO: common: Yaml file : config/config.yaml loaded successfully]
[2021-01-01 02:47:05,948: INFO: common: Yaml file : params.yaml loaded successfully]
[2021-01-01 02:47:05,973: INFO: common: Yaml file : schema.yaml loaded successfully]
[2021-01-01 02:47:05,986: INFO: common: Created directory at: artifacts]
[2021-01-01 02:47:05,995: INFO: common: Created directory at: artifacts/model_trainer]
[2021-01-01 02:49:08,421: INFO: common: Yaml file : config/config.yaml loaded successfully]
[2021-01-01 02:49:08,432: INFO: common: Yaml file : params.yaml loaded successfully]
[2021-01-01 02:49:08,451: INFO: common: Yaml file : schema.yaml loaded successfully]
[2021-01-01 02:49:08,455: INFO: common: Created directory at: artifacts]
[2021-01-01 02:49:08,462: INFO: common: Created directory at: artifacts/model_trainer]
[2021-01-01 02:49:50,384: INFO: common: Yaml file : config/config.yaml loaded successfully]
[2021-01-01 02:49:50,396: INFO: common: Yaml file : params.yaml loaded successfully]
[2021-01-01 02:49:50,411: INFO: common: Yaml file : schema.yaml loaded successfully]
[2021-01-01 02:49:50,418: INFO: common: Created directory at: artifacts]
[2021-01-01 02:49:50,424: INFO: common: Created directory at: artifacts/model_trainer]
[2021-01-01 02:50:07,547: INFO: common: Yaml file : config/config.yaml loaded successfully]
[2021-01-01 02:50:07,557: INFO: common: Yaml file : params.yaml loaded successfully]
[2021-01-01 02:50:07,577: INFO: common: Yaml file : schema.yaml loaded successfully]
[2021-01-01 02:50:07,586: INFO: common: Created directory at: artifacts]
[2021-01-01 02:50:07,591: INFO: common: Created directory at: artifacts/model_trainer]
[2021-01-01 03:29:39,583: INFO: common: Yaml file : config/config.yaml loaded successfully]
[2021-01-01 03:29:39,586: INFO: common: Yaml file : params.yaml loaded successfully]
[2021-01-01 03:29:39,594: INFO: common: Yaml file : schema.yaml loaded successfully]
[2021-01-01 03:29:39,595: INFO: common: Created directory at: artifacts]
[2021-01-01 03:29:39,597: INFO: common: Created directory at: artifacts/data_validation]
[2021-01-01 03:29:43,827: INFO: common: Yaml file : config/config.yaml loaded successfully]
[2021-01-01 03:29:43,830: INFO: common: Yaml file : params.yaml loaded successfully]
[2021-01-01 03:29:43,836: INFO: common: Yaml file : schema.yaml loaded successfully]
[2021-01-01 03:29:43,838: INFO: common: Created directory at: artifacts]
[2021-01-01 03:29:43,839: INFO: common: Created directory at: artifacts/data_transformation]
[2021-01-01 03:29:44,861: INFO: data_transformation: Data splitted into test and training set]
[2021-01-01 03:29:44,861: INFO: data_transformation: (7500, 9)]
[2021-01-01 03:29:44,862: INFO: data_transformation: (2500, 9)]
[2021-01-01 03:29:45,229: INFO: main: >>>>> Stage Data ingestion has started <<<<<]
[2021-01-01 03:29:45,247: INFO: common: Yaml file : config/config.yaml loaded successfully]
[2021-01-01 03:29:45,252: INFO: common: Yaml file : params.yaml loaded successfully]
[2021-01-01 03:29:45,259: INFO: common: Yaml file : schema.yaml loaded successfully]
[2021-01-01 03:29:45,260: INFO: common: Created directory at: artifacts]
[2021-01-01 03:29:45,263: INFO: common: Created directory at: artifacts/data_ingestion]
[2021-01-01 03:29:45,695: ERROR: main: <urlopen error [Errno 8] nodename nor servname provided, or not known>]
Traceback (most recent call last):
  File "/Library/Frameworks/Python.framework/Versions/3.10/lib/python3.10/urllib/request.py", line 1348, in do_open
    h.request(req.get_method(), req.selector, req.data, headers,
  File "/Library/Frameworks/Python.framework/Versions/3.10/lib/python3.10/http/client.py", line 1282, in request
    self._send_request(method, url, body, headers, encode_chunked)
  File "/Library/Frameworks/Python.framework/Versions/3.10/lib/python3.10/http/client.py", line 1328, in _send_request
    self.endheaders(body, encode_chunked=encode_chunked)
  File "/Library/Frameworks/Python.framework/Versions/3.10/lib/python3.10/http/client.py", line 1277, in endheaders
    self._send_output(message_body, encode_chunked=encode_chunked)
  File "/Library/Frameworks/Python.framework/Versions/3.10/lib/python3.10/http/client.py", line 1037, in _send_output
    self.send(msg)
  File "/Library/Frameworks/Python.framework/Versions/3.10/lib/python3.10/http/client.py", line 975, in send
    self.connect()
  File "/Library/Frameworks/Python.framework/Versions/3.10/lib/python3.10/http/client.py", line 1447, in connect
    super().connect()
  File "/Library/Frameworks/Python.framework/Versions/3.10/lib/python3.10/http/client.py", line 941, in connect
    self.sock = self._create_connection(
  File "/Library/Frameworks/Python.framework/Versions/3.10/lib/python3.10/socket.py", line 824, in create_connection
    for res in getaddrinfo(host, port, 0, SOCK_STREAM):
  File "/Library/Frameworks/Python.framework/Versions/3.10/lib/python3.10/socket.py", line 955, in getaddrinfo
    for res in _socket.getaddrinfo(host, port, family, type, proto, flags):
socket.gaierror: [Errno 8] nodename nor servname provided, or not known

During handling of the above exception, another exception occurred:

Traceback (most recent call last):
  File "/Users/ntchindagiscard/Documents/end-end-mlflow/main.py", line 12, in <module>
    obj.main()
  File "/Users/ntchindagiscard/Documents/end-end-mlflow/src/mlProject/pipeline/stage_01_data_ingestion.py", line 20, in main
    data_ingestion.download_file()
  File "/Users/ntchindagiscard/Documents/end-end-mlflow/src/mlProject/components/data_ingestion.py", line 31, in download_file
    _, headers = request.urlretrieve(
  File "/Library/Frameworks/Python.framework/Versions/3.10/lib/python3.10/urllib/request.py", line 241, in urlretrieve
    with contextlib.closing(urlopen(url, data)) as fp:
  File "/Library/Frameworks/Python.framework/Versions/3.10/lib/python3.10/urllib/request.py", line 216, in urlopen
    return opener.open(url, data, timeout)
  File "/Library/Frameworks/Python.framework/Versions/3.10/lib/python3.10/urllib/request.py", line 519, in open
    response = self._open(req, data)
  File "/Library/Frameworks/Python.framework/Versions/3.10/lib/python3.10/urllib/request.py", line 536, in _open
    result = self._call_chain(self.handle_open, protocol, protocol +
  File "/Library/Frameworks/Python.framework/Versions/3.10/lib/python3.10/urllib/request.py", line 496, in _call_chain
    result = func(*args)
  File "/Library/Frameworks/Python.framework/Versions/3.10/lib/python3.10/urllib/request.py", line 1391, in https_open
    return self.do_open(http.client.HTTPSConnection, req,
  File "/Library/Frameworks/Python.framework/Versions/3.10/lib/python3.10/urllib/request.py", line 1351, in do_open
    raise URLError(err)
urllib.error.URLError: <urlopen error [Errno 8] nodename nor servname provided, or not known>
[2021-01-01 03:29:45,757: INFO: main: >>>> Data validation stage started <<<<< ]
[2021-01-01 03:29:45,758: INFO: main: >>>> Data validation stage completed 

x=========x]
[2021-01-01 03:29:45,759: INFO: main: >>>> Data transformation stage started <<<<< ]
[2021-01-01 03:29:45,760: INFO: main: >>>> Data transformation stage completed 

x=========x]
[2021-01-01 03:29:45,764: INFO: main: >>>>> Stage Data transformation has started <<<<<]
[2021-01-01 03:29:45,802: INFO: common: Yaml file : config/config.yaml loaded successfully]
[2021-01-01 03:29:45,813: INFO: common: Yaml file : params.yaml loaded successfully]
[2021-01-01 03:29:45,877: INFO: common: Yaml file : schema.yaml loaded successfully]
[2021-01-01 03:29:45,880: INFO: common: Created directory at: artifacts]
[2021-01-01 03:29:45,883: INFO: common: Created directory at: artifacts/model_trainer]
[2021-01-01 03:29:46,417: INFO: main: >>>>> Stage Data transformation has completed 

 x=========x]
[2021-01-01 03:31:12,309: INFO: common: Yaml file : config/config.yaml loaded successfully]
[2021-01-01 03:31:12,314: INFO: common: Yaml file : params.yaml loaded successfully]
[2021-01-01 03:31:12,321: INFO: common: Yaml file : schema.yaml loaded successfully]
[2021-01-01 03:31:12,323: INFO: common: Created directory at: artifacts]
[2021-01-01 03:31:12,323: INFO: common: Created directory at: artifacts/data_validation]
[2021-01-01 03:31:16,377: INFO: common: Yaml file : config/config.yaml loaded successfully]
[2021-01-01 03:31:16,380: INFO: common: Yaml file : params.yaml loaded successfully]
[2021-01-01 03:31:16,386: INFO: common: Yaml file : schema.yaml loaded successfully]
[2021-01-01 03:31:16,387: INFO: common: Created directory at: artifacts]
[2021-01-01 03:31:16,388: INFO: common: Created directory at: artifacts/data_transformation]
[2021-01-01 03:31:17,370: INFO: data_transformation: Data splitted into test and training set]
[2021-01-01 03:31:17,371: INFO: data_transformation: (7500, 9)]
[2021-01-01 03:31:17,372: INFO: data_transformation: (2500, 9)]
[2021-01-01 03:31:17,611: INFO: main: >>>>> Stage Data ingestion has started <<<<<]
[2021-01-01 03:31:17,625: INFO: common: Yaml file : config/config.yaml loaded successfully]
[2021-01-01 03:31:17,628: INFO: common: Yaml file : params.yaml loaded successfully]
[2021-01-01 03:31:17,637: INFO: common: Yaml file : schema.yaml loaded successfully]
[2021-01-01 03:31:17,638: INFO: common: Created directory at: artifacts]
[2021-01-01 03:31:17,638: INFO: common: Created directory at: artifacts/data_ingestion]
[2021-01-01 03:31:17,822: ERROR: main: <urlopen error [Errno 8] nodename nor servname provided, or not known>]
Traceback (most recent call last):
  File "/Library/Frameworks/Python.framework/Versions/3.10/lib/python3.10/urllib/request.py", line 1348, in do_open
    h.request(req.get_method(), req.selector, req.data, headers,
  File "/Library/Frameworks/Python.framework/Versions/3.10/lib/python3.10/http/client.py", line 1282, in request
    self._send_request(method, url, body, headers, encode_chunked)
  File "/Library/Frameworks/Python.framework/Versions/3.10/lib/python3.10/http/client.py", line 1328, in _send_request
    self.endheaders(body, encode_chunked=encode_chunked)
  File "/Library/Frameworks/Python.framework/Versions/3.10/lib/python3.10/http/client.py", line 1277, in endheaders
    self._send_output(message_body, encode_chunked=encode_chunked)
  File "/Library/Frameworks/Python.framework/Versions/3.10/lib/python3.10/http/client.py", line 1037, in _send_output
    self.send(msg)
  File "/Library/Frameworks/Python.framework/Versions/3.10/lib/python3.10/http/client.py", line 975, in send
    self.connect()
  File "/Library/Frameworks/Python.framework/Versions/3.10/lib/python3.10/http/client.py", line 1447, in connect
    super().connect()
  File "/Library/Frameworks/Python.framework/Versions/3.10/lib/python3.10/http/client.py", line 941, in connect
    self.sock = self._create_connection(
  File "/Library/Frameworks/Python.framework/Versions/3.10/lib/python3.10/socket.py", line 824, in create_connection
    for res in getaddrinfo(host, port, 0, SOCK_STREAM):
  File "/Library/Frameworks/Python.framework/Versions/3.10/lib/python3.10/socket.py", line 955, in getaddrinfo
    for res in _socket.getaddrinfo(host, port, family, type, proto, flags):
socket.gaierror: [Errno 8] nodename nor servname provided, or not known

During handling of the above exception, another exception occurred:

Traceback (most recent call last):
  File "/Users/ntchindagiscard/Documents/end-end-mlflow/main.py", line 12, in <module>
    obj.main()
  File "/Users/ntchindagiscard/Documents/end-end-mlflow/src/mlProject/pipeline/stage_01_data_ingestion.py", line 20, in main
    data_ingestion.download_file()
  File "/Users/ntchindagiscard/Documents/end-end-mlflow/src/mlProject/components/data_ingestion.py", line 31, in download_file
    _, headers = request.urlretrieve(
  File "/Library/Frameworks/Python.framework/Versions/3.10/lib/python3.10/urllib/request.py", line 241, in urlretrieve
    with contextlib.closing(urlopen(url, data)) as fp:
  File "/Library/Frameworks/Python.framework/Versions/3.10/lib/python3.10/urllib/request.py", line 216, in urlopen
    return opener.open(url, data, timeout)
  File "/Library/Frameworks/Python.framework/Versions/3.10/lib/python3.10/urllib/request.py", line 519, in open
    response = self._open(req, data)
  File "/Library/Frameworks/Python.framework/Versions/3.10/lib/python3.10/urllib/request.py", line 536, in _open
    result = self._call_chain(self.handle_open, protocol, protocol +
  File "/Library/Frameworks/Python.framework/Versions/3.10/lib/python3.10/urllib/request.py", line 496, in _call_chain
    result = func(*args)
  File "/Library/Frameworks/Python.framework/Versions/3.10/lib/python3.10/urllib/request.py", line 1391, in https_open
    return self.do_open(http.client.HTTPSConnection, req,
  File "/Library/Frameworks/Python.framework/Versions/3.10/lib/python3.10/urllib/request.py", line 1351, in do_open
    raise URLError(err)
urllib.error.URLError: <urlopen error [Errno 8] nodename nor servname provided, or not known>
[2021-01-01 03:31:17,842: INFO: main: >>>> Data validation stage started <<<<< ]
[2021-01-01 03:31:17,843: INFO: main: >>>> Data validation stage completed 

x=========x]
[2021-01-01 03:31:17,843: INFO: main: >>>> Data transformation stage started <<<<< ]
[2021-01-01 03:31:17,843: INFO: main: >>>> Data transformation stage completed 

x=========x]
[2021-01-01 03:31:17,843: INFO: main: >>>>> Stage Model trainer has started <<<<<]
[2021-01-01 03:31:17,877: INFO: common: Yaml file : config/config.yaml loaded successfully]
[2021-01-01 03:31:17,881: INFO: common: Yaml file : params.yaml loaded successfully]
[2021-01-01 03:31:17,891: INFO: common: Yaml file : schema.yaml loaded successfully]
[2021-01-01 03:31:17,892: INFO: common: Created directory at: artifacts]
[2021-01-01 03:31:17,893: INFO: common: Created directory at: artifacts/model_trainer]
[2021-01-01 03:31:18,324: INFO: main: >>>>> Stage Model trainer has completed 

 x=========x]
[2021-01-01 13:14:44,658: INFO: common: Yaml file : config/config.yaml loaded successfully]
[2021-01-01 13:14:44,665: INFO: common: Yaml file : params.yaml loaded successfully]
[2021-01-01 13:14:44,674: INFO: common: Yaml file : schema.yaml loaded successfully]
[2021-01-01 13:14:44,678: INFO: common: Created directory at: artifacts]
[2021-01-01 13:14:44,680: INFO: common: Created directory at: artifacts/data_validation]
[2021-01-01 13:14:48,496: INFO: common: Yaml file : config/config.yaml loaded successfully]
[2021-01-01 13:14:48,503: INFO: common: Yaml file : params.yaml loaded successfully]
[2021-01-01 13:14:48,516: INFO: common: Yaml file : schema.yaml loaded successfully]
[2021-01-01 13:14:48,517: INFO: common: Created directory at: artifacts]
[2021-01-01 13:14:48,518: INFO: common: Created directory at: artifacts/data_transformation]
[2021-01-01 13:14:49,291: INFO: data_transformation: Data splitted into test and training set]
[2021-01-01 13:14:49,292: INFO: data_transformation: (7500, 9)]
[2021-01-01 13:14:49,292: INFO: data_transformation: (2500, 9)]
[2021-01-01 13:14:49,560: INFO: main: >>>>> Stage Data ingestion has started <<<<<]
[2021-01-01 13:14:49,575: INFO: common: Yaml file : config/config.yaml loaded successfully]
[2021-01-01 13:14:49,579: INFO: common: Yaml file : params.yaml loaded successfully]
[2021-01-01 13:14:49,585: INFO: common: Yaml file : schema.yaml loaded successfully]
[2021-01-01 13:14:49,587: INFO: common: Created directory at: artifacts]
[2021-01-01 13:14:49,588: INFO: common: Created directory at: artifacts/data_ingestion]
[2021-01-01 13:14:49,765: ERROR: main: <urlopen error [Errno 8] nodename nor servname provided, or not known>]
Traceback (most recent call last):
  File "/Library/Frameworks/Python.framework/Versions/3.10/lib/python3.10/urllib/request.py", line 1348, in do_open
    h.request(req.get_method(), req.selector, req.data, headers,
  File "/Library/Frameworks/Python.framework/Versions/3.10/lib/python3.10/http/client.py", line 1282, in request
    self._send_request(method, url, body, headers, encode_chunked)
  File "/Library/Frameworks/Python.framework/Versions/3.10/lib/python3.10/http/client.py", line 1328, in _send_request
    self.endheaders(body, encode_chunked=encode_chunked)
  File "/Library/Frameworks/Python.framework/Versions/3.10/lib/python3.10/http/client.py", line 1277, in endheaders
    self._send_output(message_body, encode_chunked=encode_chunked)
  File "/Library/Frameworks/Python.framework/Versions/3.10/lib/python3.10/http/client.py", line 1037, in _send_output
    self.send(msg)
  File "/Library/Frameworks/Python.framework/Versions/3.10/lib/python3.10/http/client.py", line 975, in send
    self.connect()
  File "/Library/Frameworks/Python.framework/Versions/3.10/lib/python3.10/http/client.py", line 1447, in connect
    super().connect()
  File "/Library/Frameworks/Python.framework/Versions/3.10/lib/python3.10/http/client.py", line 941, in connect
    self.sock = self._create_connection(
  File "/Library/Frameworks/Python.framework/Versions/3.10/lib/python3.10/socket.py", line 824, in create_connection
    for res in getaddrinfo(host, port, 0, SOCK_STREAM):
  File "/Library/Frameworks/Python.framework/Versions/3.10/lib/python3.10/socket.py", line 955, in getaddrinfo
    for res in _socket.getaddrinfo(host, port, family, type, proto, flags):
socket.gaierror: [Errno 8] nodename nor servname provided, or not known

During handling of the above exception, another exception occurred:

Traceback (most recent call last):
  File "/Users/ntchindagiscard/Documents/end-end-mlflow/main.py", line 12, in <module>
    obj.main()
  File "/Users/ntchindagiscard/Documents/end-end-mlflow/src/mlProject/pipeline/stage_01_data_ingestion.py", line 20, in main
    data_ingestion.download_file()
  File "/Users/ntchindagiscard/Documents/end-end-mlflow/src/mlProject/components/data_ingestion.py", line 31, in download_file
    _, headers = request.urlretrieve(
  File "/Library/Frameworks/Python.framework/Versions/3.10/lib/python3.10/urllib/request.py", line 241, in urlretrieve
    with contextlib.closing(urlopen(url, data)) as fp:
  File "/Library/Frameworks/Python.framework/Versions/3.10/lib/python3.10/urllib/request.py", line 216, in urlopen
    return opener.open(url, data, timeout)
  File "/Library/Frameworks/Python.framework/Versions/3.10/lib/python3.10/urllib/request.py", line 519, in open
    response = self._open(req, data)
  File "/Library/Frameworks/Python.framework/Versions/3.10/lib/python3.10/urllib/request.py", line 536, in _open
    result = self._call_chain(self.handle_open, protocol, protocol +
  File "/Library/Frameworks/Python.framework/Versions/3.10/lib/python3.10/urllib/request.py", line 496, in _call_chain
    result = func(*args)
  File "/Library/Frameworks/Python.framework/Versions/3.10/lib/python3.10/urllib/request.py", line 1391, in https_open
    return self.do_open(http.client.HTTPSConnection, req,
  File "/Library/Frameworks/Python.framework/Versions/3.10/lib/python3.10/urllib/request.py", line 1351, in do_open
    raise URLError(err)
urllib.error.URLError: <urlopen error [Errno 8] nodename nor servname provided, or not known>
[2021-01-01 13:14:49,790: INFO: main: >>>> Data validation stage started <<<<< ]
[2021-01-01 13:14:49,791: INFO: main: >>>> Data validation stage completed 

x=========x]
[2021-01-01 13:14:49,792: INFO: main: >>>> Data transformation stage started <<<<< ]
[2021-01-01 13:14:49,792: INFO: main: >>>> Data transformation stage completed 

x=========x]
[2021-01-01 13:14:49,792: INFO: main: >>>>> Stage Model trainer has started <<<<<]
[2021-01-01 13:14:49,818: INFO: common: Yaml file : config/config.yaml loaded successfully]
[2021-01-01 13:14:49,828: INFO: common: Yaml file : params.yaml loaded successfully]
[2021-01-01 13:14:49,837: INFO: common: Yaml file : schema.yaml loaded successfully]
[2021-01-01 13:14:49,839: INFO: common: Created directory at: artifacts]
[2021-01-01 13:14:49,840: INFO: common: Created directory at: artifacts/model_trainer]
[2021-01-01 13:14:50,227: INFO: main: >>>>> Stage Model trainer has completed 

 x=========x]
[2024-08-18 22:45:05,761: INFO: common: Yaml file : config/config.yaml loaded successfully]
[2024-08-18 22:45:05,780: INFO: common: Yaml file : params.yaml loaded successfully]
[2024-08-18 22:45:05,798: INFO: common: Yaml file : schema.yaml loaded successfully]
[2024-08-18 22:45:05,812: INFO: common: Created directory at: artifacts]
[2024-08-18 22:45:05,834: INFO: common: Created directory at: artifacts/model_evaluation]
[2024-08-19 04:50:26,196: INFO: common: Yaml file : config/config.yaml loaded successfully]
[2024-08-19 04:50:26,232: INFO: common: Yaml file : params.yaml loaded successfully]
[2024-08-19 04:50:26,276: INFO: common: Yaml file : schema.yaml loaded successfully]
[2024-08-19 04:50:26,304: INFO: common: Created directory at: artifacts]
[2024-08-19 04:50:26,314: INFO: common: Created directory at: artifacts/model_evaluation]
[2024-08-19 06:05:18,097: INFO: common: Yaml file : config/config.yaml loaded successfully]
[2024-08-19 06:05:18,162: INFO: common: Yaml file : params.yaml loaded successfully]
[2024-08-19 06:05:18,200: INFO: common: Yaml file : schema.yaml loaded successfully]
[2024-08-19 06:05:18,232: INFO: common: Created directory at: artifacts]
[2024-08-19 06:05:18,255: INFO: common: Created directory at: artifacts/model_evaluation]
[2024-08-19 06:05:22,568: INFO: common: Json file saved at: artifacts/model_evaluation/metrics.json]
[2024-08-19 06:07:32,123: INFO: common: Yaml file : config/config.yaml loaded successfully]
[2024-08-19 06:07:32,145: INFO: common: Yaml file : params.yaml loaded successfully]
[2024-08-19 06:07:32,163: INFO: common: Yaml file : schema.yaml loaded successfully]
[2024-08-19 06:07:32,176: INFO: common: Created directory at: artifacts]
[2024-08-19 06:07:32,186: INFO: common: Created directory at: artifacts/model_evaluation]
[2024-08-19 06:07:32,885: INFO: common: Json file saved at: artifacts/model_evaluation/metrics.json]
[2024-08-19 06:09:59,382: INFO: common: Yaml file : config/config.yaml loaded successfully]
[2024-08-19 06:09:59,436: INFO: common: Yaml file : params.yaml loaded successfully]
[2024-08-19 06:09:59,471: INFO: common: Yaml file : schema.yaml loaded successfully]
[2024-08-19 06:09:59,479: INFO: common: Created directory at: artifacts]
[2024-08-19 06:09:59,500: INFO: common: Created directory at: artifacts/model_evaluation]
[2024-08-19 06:10:06,315: INFO: common: Json file saved at: artifacts/model_evaluation/metrics.json]
[2024-08-19 06:12:11,543: INFO: common: Yaml file : config/config.yaml loaded successfully]
[2024-08-19 06:12:11,566: INFO: common: Yaml file : params.yaml loaded successfully]
[2024-08-19 06:12:11,634: INFO: common: Yaml file : schema.yaml loaded successfully]
[2024-08-19 06:12:11,646: INFO: common: Created directory at: artifacts]
[2024-08-19 06:12:11,693: INFO: common: Created directory at: artifacts/model_evaluation]
[2024-08-19 06:12:12,499: INFO: common: Json file saved at: artifacts/model_evaluation/metrics.json]
[2024-08-19 06:29:49,770: INFO: common: Yaml file : config/config.yaml loaded successfully]
[2024-08-19 06:29:49,787: INFO: common: Yaml file : params.yaml loaded successfully]
[2024-08-19 06:29:49,822: INFO: common: Yaml file : schema.yaml loaded successfully]
[2024-08-19 06:29:49,831: INFO: common: Created directory at: artifacts]
[2024-08-19 06:29:49,845: INFO: common: Created directory at: artifacts/model_evaluation]
[2024-08-19 06:29:53,382: INFO: common: Json file saved at: artifacts/model_evaluation/metrics.json]
[2024-08-19 06:34:40,507: INFO: common: Yaml file : config/config.yaml loaded successfully]
[2024-08-19 06:34:40,535: INFO: common: Yaml file : params.yaml loaded successfully]
[2024-08-19 06:34:40,558: INFO: common: Yaml file : schema.yaml loaded successfully]
[2024-08-19 06:34:40,564: INFO: common: Created directory at: artifacts]
[2024-08-19 06:34:40,580: INFO: common: Created directory at: artifacts/model_evaluation]
[2024-08-19 06:34:41,435: INFO: common: Json file saved at: artifacts/model_evaluation/metrics.json]
[2021-01-01 03:07:22,153: INFO: common: Yaml file : config/config.yaml loaded successfully]
[2021-01-01 03:07:22,158: INFO: common: Yaml file : params.yaml loaded successfully]
[2021-01-01 03:07:22,181: INFO: common: Yaml file : schema.yaml loaded successfully]
[2021-01-01 03:07:22,183: INFO: common: Created directory at: artifacts]
[2021-01-01 03:07:22,183: INFO: common: Created directory at: artifacts/data_validation]
[2021-01-01 03:07:26,340: INFO: common: Yaml file : config/config.yaml loaded successfully]
[2021-01-01 03:07:26,345: INFO: common: Yaml file : params.yaml loaded successfully]
[2021-01-01 03:07:26,352: INFO: common: Yaml file : schema.yaml loaded successfully]
[2021-01-01 03:07:26,354: INFO: common: Created directory at: artifacts]
[2021-01-01 03:07:26,354: INFO: common: Created directory at: artifacts/data_transformation]
[2021-01-01 03:07:27,232: INFO: data_transformation: Data splitted into test and training set]
[2021-01-01 03:07:27,232: INFO: data_transformation: (7500, 9)]
[2021-01-01 03:07:27,233: INFO: data_transformation: (2500, 9)]
[2021-01-01 03:07:32,124: INFO: main: >>>>> Stage Data ingestion has started <<<<<]
[2021-01-01 03:07:32,148: INFO: common: Yaml file : config/config.yaml loaded successfully]
[2021-01-01 03:07:32,151: INFO: common: Yaml file : params.yaml loaded successfully]
[2021-01-01 03:07:32,158: INFO: common: Yaml file : schema.yaml loaded successfully]
[2021-01-01 03:07:32,160: INFO: common: Created directory at: artifacts]
[2021-01-01 03:07:32,160: INFO: common: Created directory at: artifacts/data_ingestion]
[2021-01-01 03:07:32,520: ERROR: main: <urlopen error [Errno 8] nodename nor servname provided, or not known>]
Traceback (most recent call last):
  File "/Library/Frameworks/Python.framework/Versions/3.10/lib/python3.10/urllib/request.py", line 1348, in do_open
    h.request(req.get_method(), req.selector, req.data, headers,
  File "/Library/Frameworks/Python.framework/Versions/3.10/lib/python3.10/http/client.py", line 1282, in request
    self._send_request(method, url, body, headers, encode_chunked)
  File "/Library/Frameworks/Python.framework/Versions/3.10/lib/python3.10/http/client.py", line 1328, in _send_request
    self.endheaders(body, encode_chunked=encode_chunked)
  File "/Library/Frameworks/Python.framework/Versions/3.10/lib/python3.10/http/client.py", line 1277, in endheaders
    self._send_output(message_body, encode_chunked=encode_chunked)
  File "/Library/Frameworks/Python.framework/Versions/3.10/lib/python3.10/http/client.py", line 1037, in _send_output
    self.send(msg)
  File "/Library/Frameworks/Python.framework/Versions/3.10/lib/python3.10/http/client.py", line 975, in send
    self.connect()
  File "/Library/Frameworks/Python.framework/Versions/3.10/lib/python3.10/http/client.py", line 1447, in connect
    super().connect()
  File "/Library/Frameworks/Python.framework/Versions/3.10/lib/python3.10/http/client.py", line 941, in connect
    self.sock = self._create_connection(
  File "/Library/Frameworks/Python.framework/Versions/3.10/lib/python3.10/socket.py", line 824, in create_connection
    for res in getaddrinfo(host, port, 0, SOCK_STREAM):
  File "/Library/Frameworks/Python.framework/Versions/3.10/lib/python3.10/socket.py", line 955, in getaddrinfo
    for res in _socket.getaddrinfo(host, port, family, type, proto, flags):
socket.gaierror: [Errno 8] nodename nor servname provided, or not known

During handling of the above exception, another exception occurred:

Traceback (most recent call last):
  File "/Users/ntchindagiscard/Documents/end-end-mlflow/main.py", line 13, in <module>
    obj.main()
  File "/Users/ntchindagiscard/Documents/end-end-mlflow/src/mlProject/pipeline/stage_01_data_ingestion.py", line 20, in main
    data_ingestion.download_file()
  File "/Users/ntchindagiscard/Documents/end-end-mlflow/src/mlProject/components/data_ingestion.py", line 31, in download_file
    _, headers = request.urlretrieve(
  File "/Library/Frameworks/Python.framework/Versions/3.10/lib/python3.10/urllib/request.py", line 241, in urlretrieve
    with contextlib.closing(urlopen(url, data)) as fp:
  File "/Library/Frameworks/Python.framework/Versions/3.10/lib/python3.10/urllib/request.py", line 216, in urlopen
    return opener.open(url, data, timeout)
  File "/Library/Frameworks/Python.framework/Versions/3.10/lib/python3.10/urllib/request.py", line 519, in open
    response = self._open(req, data)
  File "/Library/Frameworks/Python.framework/Versions/3.10/lib/python3.10/urllib/request.py", line 536, in _open
    result = self._call_chain(self.handle_open, protocol, protocol +
  File "/Library/Frameworks/Python.framework/Versions/3.10/lib/python3.10/urllib/request.py", line 496, in _call_chain
    result = func(*args)
  File "/Library/Frameworks/Python.framework/Versions/3.10/lib/python3.10/urllib/request.py", line 1391, in https_open
    return self.do_open(http.client.HTTPSConnection, req,
  File "/Library/Frameworks/Python.framework/Versions/3.10/lib/python3.10/urllib/request.py", line 1351, in do_open
    raise URLError(err)
urllib.error.URLError: <urlopen error [Errno 8] nodename nor servname provided, or not known>
[2021-01-01 03:07:32,557: INFO: main: >>>> Data validation stage started <<<<< ]
[2021-01-01 03:07:32,563: INFO: main: >>>> Data validation stage completed 

x=========x]
[2021-01-01 03:07:32,567: INFO: main: >>>> Data transformation stage started <<<<< ]
[2021-01-01 03:07:32,568: INFO: main: >>>> Data transformation stage completed 

x=========x]
[2021-01-01 03:07:32,569: INFO: main: >>>>> Stage Model trainer has started <<<<<]
[2021-01-01 03:07:32,602: INFO: common: Yaml file : config/config.yaml loaded successfully]
[2021-01-01 03:07:32,626: INFO: common: Yaml file : params.yaml loaded successfully]
[2021-01-01 03:07:32,644: INFO: common: Yaml file : schema.yaml loaded successfully]
[2021-01-01 03:07:32,648: INFO: common: Created directory at: artifacts]
[2021-01-01 03:07:32,649: INFO: common: Created directory at: artifacts/model_trainer]
[2021-01-01 03:07:33,396: INFO: main: >>>>> Stage Model trainer has completed 

 x=========x]
[2021-01-01 03:07:33,396: INFO: main: >>>>> Stage Model evaluation has started <<<<<]
[2021-01-01 03:07:33,435: INFO: common: Yaml file : config/config.yaml loaded successfully]
[2021-01-01 03:07:33,447: INFO: common: Yaml file : params.yaml loaded successfully]
[2021-01-01 03:07:33,466: INFO: common: Yaml file : schema.yaml loaded successfully]
[2021-01-01 03:07:33,467: INFO: common: Created directory at: artifacts]
[2021-01-01 03:07:33,468: INFO: common: Created directory at: artifacts/model_evaluation]
[2021-01-01 03:07:34,160: INFO: common: Json file saved at: artifacts/model_evaluation/metrics.json]
[2021-01-01 03:08:07,876: INFO: main: >>>>> Stage Model evaluation has completed 

 x=========x]
[2024-08-21 04:03:05,328: INFO: common: Yaml file : config/config.yaml loaded successfully]
[2024-08-21 04:03:05,345: INFO: common: Yaml file : params.yaml loaded successfully]
[2024-08-21 04:03:05,377: INFO: common: Yaml file : schema.yaml loaded successfully]
[2024-08-21 04:03:05,383: INFO: common: Created directory at: artifacts]
[2024-08-21 04:03:05,384: INFO: common: Created directory at: artifacts/data_validation]
[2024-08-21 04:03:18,185: INFO: common: Yaml file : config/config.yaml loaded successfully]
[2024-08-21 04:03:18,193: INFO: common: Yaml file : params.yaml loaded successfully]
[2024-08-21 04:03:18,208: INFO: common: Yaml file : schema.yaml loaded successfully]
[2024-08-21 04:03:18,211: INFO: common: Created directory at: artifacts]
[2024-08-21 04:03:18,212: INFO: common: Created directory at: artifacts/data_transformation]
[2024-08-21 04:03:21,044: INFO: data_transformation: Data splitted into test and training set]
[2024-08-21 04:03:21,045: INFO: data_transformation: (7500, 9)]
[2024-08-21 04:03:21,046: INFO: data_transformation: (2500, 9)]
[2024-08-21 04:11:56,346: INFO: common: Yaml file : config/config.yaml loaded successfully]
[2024-08-21 04:11:56,357: INFO: common: Yaml file : params.yaml loaded successfully]
[2024-08-21 04:11:56,376: INFO: common: Yaml file : schema.yaml loaded successfully]
[2024-08-21 04:11:56,398: INFO: common: Created directory at: artifacts]
[2024-08-21 04:11:56,403: INFO: common: Created directory at: artifacts/data_validation]
[2024-08-21 04:12:16,913: INFO: common: Yaml file : config/config.yaml loaded successfully]
[2024-08-21 04:12:16,942: INFO: common: Yaml file : params.yaml loaded successfully]
[2024-08-21 04:12:16,972: INFO: common: Yaml file : schema.yaml loaded successfully]
[2024-08-21 04:12:16,980: INFO: common: Created directory at: artifacts]
[2024-08-21 04:12:17,006: INFO: common: Created directory at: artifacts/data_transformation]
[2024-08-21 04:12:20,727: INFO: data_transformation: Data splitted into test and training set]
[2024-08-21 04:12:20,729: INFO: data_transformation: (7500, 9)]
[2024-08-21 04:12:20,732: INFO: data_transformation: (2500, 9)]
[2024-08-21 04:14:31,577: WARNING: connectionpool: Retrying (Retry(total=9, connect=4, read=None, redirect=None, status=None)) after connection broken by 'NewConnectionError('<urllib3.connection.HTTPConnection object at 0x1375e9060>: Failed to establish a new connection: [Errno 61] Connection refused')': /api/v1/info]
[2024-08-21 04:14:31,806: WARNING: connectionpool: Retrying (Retry(total=8, connect=3, read=None, redirect=None, status=None)) after connection broken by 'NewConnectionError('<urllib3.connection.HTTPConnection object at 0x1375eafe0>: Failed to establish a new connection: [Errno 61] Connection refused')': /api/v1/info]
[2024-08-21 04:14:32,250: WARNING: connectionpool: Retrying (Retry(total=7, connect=2, read=None, redirect=None, status=None)) after connection broken by 'NewConnectionError('<urllib3.connection.HTTPConnection object at 0x1375ea8f0>: Failed to establish a new connection: [Errno 61] Connection refused')': /api/v1/info]
[2024-08-21 04:14:33,059: WARNING: connectionpool: Retrying (Retry(total=6, connect=1, read=None, redirect=None, status=None)) after connection broken by 'NewConnectionError('<urllib3.connection.HTTPConnection object at 0x135c281f0>: Failed to establish a new connection: [Errno 61] Connection refused')': /api/v1/info]
[2024-08-21 04:14:34,786: WARNING: connectionpool: Retrying (Retry(total=5, connect=0, read=None, redirect=None, status=None)) after connection broken by 'NewConnectionError('<urllib3.connection.HTTPConnection object at 0x135c283a0>: Failed to establish a new connection: [Errno 61] Connection refused')': /api/v1/info]
[2024-08-21 04:14:35,088: WARNING: connectionpool: Retrying (Retry(total=9, connect=4, read=None, redirect=None, status=None)) after connection broken by 'NewConnectionError('<urllib3.connection.HTTPConnection object at 0x135c29570>: Failed to establish a new connection: [Errno 61] Connection refused')': /api/v1/info]
[2024-08-21 04:14:35,490: WARNING: connectionpool: Retrying (Retry(total=8, connect=3, read=None, redirect=None, status=None)) after connection broken by 'NewConnectionError('<urllib3.connection.HTTPConnection object at 0x135c29780>: Failed to establish a new connection: [Errno 61] Connection refused')': /api/v1/info]
[2024-08-21 04:14:36,160: WARNING: connectionpool: Retrying (Retry(total=7, connect=2, read=None, redirect=None, status=None)) after connection broken by 'NewConnectionError('<urllib3.connection.HTTPConnection object at 0x135c29930>: Failed to establish a new connection: [Errno 61] Connection refused')': /api/v1/info]
[2024-08-21 04:14:36,994: WARNING: connectionpool: Retrying (Retry(total=6, connect=1, read=None, redirect=None, status=None)) after connection broken by 'NewConnectionError('<urllib3.connection.HTTPConnection object at 0x135c29ae0>: Failed to establish a new connection: [Errno 61] Connection refused')': /api/v1/info]
[2024-08-21 04:14:38,621: WARNING: connectionpool: Retrying (Retry(total=5, connect=0, read=None, redirect=None, status=None)) after connection broken by 'NewConnectionError('<urllib3.connection.HTTPConnection object at 0x135c29c90>: Failed to establish a new connection: [Errno 61] Connection refused')': /api/v1/info]
[2024-08-21 06:28:20,878: INFO: common: Yaml file : config/config.yaml loaded successfully]
[2024-08-21 06:28:20,889: INFO: common: Yaml file : params.yaml loaded successfully]
[2024-08-21 06:28:20,906: INFO: common: Yaml file : schema.yaml loaded successfully]
[2024-08-21 06:28:20,913: INFO: common: Created directory at: artifacts]
[2024-08-21 06:28:20,914: INFO: common: Created directory at: artifacts/data_validation]
[2024-08-21 06:28:27,108: INFO: common: Yaml file : config/config.yaml loaded successfully]
[2024-08-21 06:28:27,190: INFO: common: Yaml file : params.yaml loaded successfully]
[2024-08-21 06:28:27,263: INFO: common: Yaml file : schema.yaml loaded successfully]
[2024-08-21 06:28:27,270: INFO: common: Created directory at: artifacts]
[2024-08-21 06:28:27,282: INFO: common: Created directory at: artifacts/data_transformation]
[2024-08-21 06:28:29,119: INFO: data_transformation: Data splitted into test and training set]
[2024-08-21 06:28:29,120: INFO: data_transformation: (7500, 9)]
[2024-08-21 06:28:29,122: INFO: data_transformation: (2500, 9)]
[2024-08-21 06:32:56,163: INFO: common: Yaml file : config/config.yaml loaded successfully]
[2024-08-21 06:32:56,183: INFO: common: Yaml file : params.yaml loaded successfully]
[2024-08-21 06:32:56,232: INFO: common: Yaml file : schema.yaml loaded successfully]
[2024-08-21 06:32:56,254: INFO: common: Created directory at: artifacts]
[2024-08-21 06:32:56,258: INFO: common: Created directory at: artifacts/data_validation]
[2024-08-21 06:33:02,164: INFO: common: Yaml file : config/config.yaml loaded successfully]
[2024-08-21 06:33:02,171: INFO: common: Yaml file : params.yaml loaded successfully]
[2024-08-21 06:33:02,182: INFO: common: Yaml file : schema.yaml loaded successfully]
[2024-08-21 06:33:02,185: INFO: common: Created directory at: artifacts]
[2024-08-21 06:33:02,187: INFO: common: Created directory at: artifacts/data_transformation]
[2024-08-21 06:33:03,807: INFO: data_transformation: Data splitted into test and training set]
[2024-08-21 06:33:03,809: INFO: data_transformation: (7500, 9)]
[2024-08-21 06:33:03,809: INFO: data_transformation: (2500, 9)]
[2024-08-23 02:05:42,299: INFO: common: Yaml file : config/config.yaml loaded successfully]
[2024-08-23 02:05:42,335: INFO: common: Yaml file : params.yaml loaded successfully]
[2024-08-23 02:05:42,454: INFO: common: Yaml file : schema.yaml loaded successfully]
[2024-08-23 02:05:42,522: INFO: common: Created directory at: artifacts]
[2024-08-23 02:05:42,524: INFO: common: Created directory at: artifacts/data_validation]
[2024-08-23 02:24:26,170: INFO: common: Yaml file : config/config.yaml loaded successfully]
[2024-08-23 02:24:26,176: INFO: common: Yaml file : params.yaml loaded successfully]
[2024-08-23 02:24:26,184: INFO: common: Yaml file : schema.yaml loaded successfully]
[2024-08-23 02:24:26,185: INFO: common: Created directory at: artifacts]
[2024-08-23 02:24:26,186: INFO: common: Created directory at: artifacts/data_validation]
[2024-08-23 02:24:31,759: INFO: common: Yaml file : config/config.yaml loaded successfully]
[2024-08-23 02:24:31,763: INFO: common: Yaml file : params.yaml loaded successfully]
[2024-08-23 02:24:31,780: INFO: common: Yaml file : schema.yaml loaded successfully]
[2024-08-23 02:24:31,788: INFO: common: Created directory at: artifacts]
[2024-08-23 02:24:31,789: INFO: common: Created directory at: artifacts/data_transformation]
[2024-08-23 02:24:32,946: INFO: data_transformation: Data splitted into test and training set]
[2024-08-23 02:24:32,947: INFO: data_transformation: (7500, 9)]
[2024-08-23 02:24:32,949: INFO: data_transformation: (2500, 9)]
[2024-08-23 02:24:37,146: INFO: main: >>>>> Stage Data ingestion has started <<<<<]
[2024-08-23 02:24:37,167: INFO: common: Yaml file : config/config.yaml loaded successfully]
[2024-08-23 02:24:37,170: INFO: common: Yaml file : params.yaml loaded successfully]
[2024-08-23 02:24:37,180: INFO: common: Yaml file : schema.yaml loaded successfully]
[2024-08-23 02:24:37,182: INFO: common: Created directory at: artifacts]
[2024-08-23 02:24:37,183: INFO: common: Created directory at: artifacts/data_ingestion]
[2024-08-23 02:24:38,136: ERROR: main: HTTP Error 400: Bad Request]
Traceback (most recent call last):
  File "/Users/ntchindagiscard/Documents/end-end-mlflow/main.py", line 13, in <module>
    obj.main()
  File "/Users/ntchindagiscard/Documents/end-end-mlflow/src/mlProject/pipeline/stage_01_data_ingestion.py", line 20, in main
    data_ingestion.download_file()
  File "/Users/ntchindagiscard/Documents/end-end-mlflow/src/mlProject/components/data_ingestion.py", line 31, in download_file
    _, headers = request.urlretrieve(
  File "/Library/Frameworks/Python.framework/Versions/3.10/lib/python3.10/urllib/request.py", line 241, in urlretrieve
    with contextlib.closing(urlopen(url, data)) as fp:
  File "/Library/Frameworks/Python.framework/Versions/3.10/lib/python3.10/urllib/request.py", line 216, in urlopen
    return opener.open(url, data, timeout)
  File "/Library/Frameworks/Python.framework/Versions/3.10/lib/python3.10/urllib/request.py", line 525, in open
    response = meth(req, response)
  File "/Library/Frameworks/Python.framework/Versions/3.10/lib/python3.10/urllib/request.py", line 634, in http_response
    response = self.parent.error(
  File "/Library/Frameworks/Python.framework/Versions/3.10/lib/python3.10/urllib/request.py", line 563, in error
    return self._call_chain(*args)
  File "/Library/Frameworks/Python.framework/Versions/3.10/lib/python3.10/urllib/request.py", line 496, in _call_chain
    result = func(*args)
  File "/Library/Frameworks/Python.framework/Versions/3.10/lib/python3.10/urllib/request.py", line 643, in http_error_default
    raise HTTPError(req.full_url, code, msg, hdrs, fp)
urllib.error.HTTPError: HTTP Error 400: Bad Request
[2024-08-23 02:24:38,161: INFO: main: >>>> Data validation stage started <<<<< ]
[2024-08-23 02:24:38,163: INFO: main: >>>> Data validation stage completed 

x=========x]
[2024-08-23 02:24:38,164: INFO: main: >>>> Data transformation stage started <<<<< ]
[2024-08-23 02:24:38,170: INFO: main: >>>> Data transformation stage completed 

x=========x]
[2024-08-23 02:24:38,171: INFO: main: >>>>> Stage Model trainer has started <<<<<]
[2024-08-23 02:24:38,333: INFO: common: Yaml file : config/config.yaml loaded successfully]
[2024-08-23 02:24:38,354: INFO: common: Yaml file : params.yaml loaded successfully]
[2024-08-23 02:24:38,417: INFO: common: Yaml file : schema.yaml loaded successfully]
[2024-08-23 02:24:38,419: INFO: common: Created directory at: artifacts]
[2024-08-23 02:24:38,428: INFO: common: Created directory at: artifacts/model_trainer]
[2024-08-23 02:24:39,718: INFO: main: >>>>> Stage Model trainer has completed 

 x=========x]
[2024-08-23 02:24:39,720: INFO: main: >>>>> Stage Model evaluation has started <<<<<]
[2024-08-23 02:24:39,760: INFO: common: Yaml file : config/config.yaml loaded successfully]
[2024-08-23 02:24:39,765: INFO: common: Yaml file : params.yaml loaded successfully]
[2024-08-23 02:24:39,776: INFO: common: Yaml file : schema.yaml loaded successfully]
[2024-08-23 02:24:39,781: INFO: common: Created directory at: artifacts]
[2024-08-23 02:24:39,787: INFO: common: Created directory at: artifacts/model_evaluation]
[2024-08-23 02:24:40,954: INFO: common: Json file saved at: artifacts/model_evaluation/metrics.json]
[2024-08-23 02:25:09,790: INFO: main: >>>>> Stage Model evaluation has completed 

 x=========x]
[2024-08-24 16:53:09,806: INFO: common: Yaml file : config/config.yaml loaded successfully]
[2024-08-24 16:53:09,840: INFO: common: Yaml file : params.yaml loaded successfully]
[2024-08-24 16:53:09,948: INFO: common: Yaml file : schema.yaml loaded successfully]
[2024-08-24 16:53:09,956: INFO: common: Created directory at: artifacts]
[2024-08-24 16:53:09,976: INFO: common: Created directory at: artifacts/data_validation]
[2024-08-24 16:53:35,624: INFO: common: Yaml file : config/config.yaml loaded successfully]
[2024-08-24 16:53:35,650: INFO: common: Yaml file : params.yaml loaded successfully]
[2024-08-24 16:53:35,789: INFO: common: Yaml file : schema.yaml loaded successfully]
[2024-08-24 16:53:35,794: INFO: common: Created directory at: artifacts]
[2024-08-24 16:53:35,887: INFO: common: Created directory at: artifacts/data_transformation]
[2024-08-24 16:53:47,559: INFO: data_transformation: Data splitted into test and training set]
[2024-08-24 16:53:47,656: INFO: data_transformation: (7500, 9)]
[2024-08-24 16:53:47,675: INFO: data_transformation: (2500, 9)]
[2024-08-24 16:54:26,772: INFO: main: >>>>> Stage Data ingestion has started <<<<<]
[2024-08-24 16:54:27,657: INFO: common: Yaml file : config/config.yaml loaded successfully]
[2024-08-24 16:54:27,808: INFO: common: Yaml file : params.yaml loaded successfully]
[2024-08-24 16:54:28,536: INFO: common: Yaml file : schema.yaml loaded successfully]
[2024-08-24 16:54:28,539: INFO: common: Created directory at: artifacts]
[2024-08-24 16:54:28,541: INFO: common: Created directory at: artifacts/data_ingestion]
[2024-08-24 16:54:35,411: ERROR: main: HTTP Error 400: Bad Request]
Traceback (most recent call last):
  File "/Users/ntchindagiscard/Documents/end-end-mlflow/main.py", line 13, in <module>
    obj.main()
  File "/Users/ntchindagiscard/Documents/end-end-mlflow/src/mlProject/pipeline/stage_01_data_ingestion.py", line 20, in main
    data_ingestion.download_file()
  File "/Users/ntchindagiscard/Documents/end-end-mlflow/src/mlProject/components/data_ingestion.py", line 31, in download_file
    _, headers = request.urlretrieve(
  File "/Library/Frameworks/Python.framework/Versions/3.10/lib/python3.10/urllib/request.py", line 241, in urlretrieve
    with contextlib.closing(urlopen(url, data)) as fp:
  File "/Library/Frameworks/Python.framework/Versions/3.10/lib/python3.10/urllib/request.py", line 216, in urlopen
    return opener.open(url, data, timeout)
  File "/Library/Frameworks/Python.framework/Versions/3.10/lib/python3.10/urllib/request.py", line 525, in open
    response = meth(req, response)
  File "/Library/Frameworks/Python.framework/Versions/3.10/lib/python3.10/urllib/request.py", line 634, in http_response
    response = self.parent.error(
  File "/Library/Frameworks/Python.framework/Versions/3.10/lib/python3.10/urllib/request.py", line 563, in error
    return self._call_chain(*args)
  File "/Library/Frameworks/Python.framework/Versions/3.10/lib/python3.10/urllib/request.py", line 496, in _call_chain
    result = func(*args)
  File "/Library/Frameworks/Python.framework/Versions/3.10/lib/python3.10/urllib/request.py", line 643, in http_error_default
    raise HTTPError(req.full_url, code, msg, hdrs, fp)
urllib.error.HTTPError: HTTP Error 400: Bad Request
[2024-08-24 16:54:35,740: INFO: main: >>>> Data validation stage started <<<<< ]
[2024-08-24 16:54:35,741: INFO: main: >>>> Data validation stage completed 

x=========x]
[2024-08-24 16:54:35,744: INFO: main: >>>> Data transformation stage started <<<<< ]
[2024-08-24 16:54:35,746: INFO: main: >>>> Data transformation stage completed 

x=========x]
[2024-08-24 16:54:35,753: INFO: main: >>>>> Stage Model trainer has started <<<<<]
[2024-08-24 16:54:36,114: INFO: common: Yaml file : config/config.yaml loaded successfully]
[2024-08-24 16:54:36,128: INFO: common: Yaml file : params.yaml loaded successfully]
[2024-08-24 16:54:36,140: INFO: common: Yaml file : schema.yaml loaded successfully]
[2024-08-24 16:54:36,159: INFO: common: Created directory at: artifacts]
[2024-08-24 16:54:36,164: INFO: common: Created directory at: artifacts/model_trainer]
[2024-08-24 16:54:45,659: INFO: main: >>>>> Stage Model trainer has completed 

 x=========x]
[2024-08-24 16:54:45,775: INFO: main: >>>>> Stage Model evaluation has started <<<<<]
[2024-08-24 16:54:46,366: INFO: common: Yaml file : config/config.yaml loaded successfully]
[2024-08-24 16:54:46,903: INFO: common: Yaml file : params.yaml loaded successfully]
[2024-08-24 16:54:46,916: INFO: common: Yaml file : schema.yaml loaded successfully]
[2024-08-24 16:54:47,407: INFO: common: Created directory at: artifacts]
[2024-08-24 16:54:47,415: INFO: common: Created directory at: artifacts/model_evaluation]
[2024-08-24 16:54:52,568: INFO: common: Json file saved at: artifacts/model_evaluation/metrics.json]
[2024-08-24 16:56:26,362: INFO: main: >>>>> Stage Model evaluation has completed 

 x=========x]
[2024-08-24 17:06:22,367: INFO: common: Yaml file : config/config.yaml loaded successfully]
[2024-08-24 17:06:22,383: INFO: common: Yaml file : params.yaml loaded successfully]
[2024-08-24 17:06:22,398: INFO: common: Yaml file : schema.yaml loaded successfully]
[2024-08-24 17:06:22,400: INFO: common: Created directory at: artifacts]
[2024-08-24 17:06:22,401: INFO: common: Created directory at: artifacts/data_validation]
[2024-08-24 17:06:28,425: INFO: common: Yaml file : config/config.yaml loaded successfully]
[2024-08-24 17:06:28,449: INFO: common: Yaml file : params.yaml loaded successfully]
[2024-08-24 17:06:28,495: INFO: common: Yaml file : schema.yaml loaded successfully]
[2024-08-24 17:06:28,511: INFO: common: Created directory at: artifacts]
[2024-08-24 17:06:28,525: INFO: common: Created directory at: artifacts/data_transformation]
[2024-08-24 17:06:29,808: INFO: data_transformation: Data splitted into test and training set]
[2024-08-24 17:06:29,809: INFO: data_transformation: (7500, 9)]
[2024-08-24 17:06:29,810: INFO: data_transformation: (2500, 9)]
[2024-08-24 17:07:08,371: WARNING: connectionpool: Retrying (Retry(total=9, connect=4, read=None, redirect=None, status=None)) after connection broken by 'NewConnectionError('<urllib3.connection.HTTPConnection object at 0x1336bb820>: Failed to establish a new connection: [Errno 61] Connection refused')': /api/v1/info]
[2024-08-24 17:07:08,601: WARNING: connectionpool: Retrying (Retry(total=8, connect=3, read=None, redirect=None, status=None)) after connection broken by 'NewConnectionError('<urllib3.connection.HTTPConnection object at 0x1336bbf10>: Failed to establish a new connection: [Errno 61] Connection refused')': /api/v1/info]
[2024-08-24 17:07:09,008: WARNING: connectionpool: Retrying (Retry(total=7, connect=2, read=None, redirect=None, status=None)) after connection broken by 'NewConnectionError('<urllib3.connection.HTTPConnection object at 0x133ba4100>: Failed to establish a new connection: [Errno 61] Connection refused')': /api/v1/info]
[2024-08-24 17:07:09,816: WARNING: connectionpool: Retrying (Retry(total=6, connect=1, read=None, redirect=None, status=None)) after connection broken by 'NewConnectionError('<urllib3.connection.HTTPConnection object at 0x133ba42b0>: Failed to establish a new connection: [Errno 61] Connection refused')': /api/v1/info]
[2024-08-24 17:07:11,423: WARNING: connectionpool: Retrying (Retry(total=5, connect=0, read=None, redirect=None, status=None)) after connection broken by 'NewConnectionError('<urllib3.connection.HTTPConnection object at 0x133ba4460>: Failed to establish a new connection: [Errno 61] Connection refused')': /api/v1/info]
[2024-08-24 17:07:11,478: WARNING: connectionpool: Retrying (Retry(total=9, connect=4, read=None, redirect=None, status=None)) after connection broken by 'NewConnectionError('<urllib3.connection.HTTPConnection object at 0x133ba5630>: Failed to establish a new connection: [Errno 61] Connection refused')': /api/v1/info]
[2024-08-24 17:07:11,689: WARNING: connectionpool: Retrying (Retry(total=8, connect=3, read=None, redirect=None, status=None)) after connection broken by 'NewConnectionError('<urllib3.connection.HTTPConnection object at 0x133ba5840>: Failed to establish a new connection: [Errno 61] Connection refused')': /api/v1/info]
[2024-08-24 17:07:12,097: WARNING: connectionpool: Retrying (Retry(total=7, connect=2, read=None, redirect=None, status=None)) after connection broken by 'NewConnectionError('<urllib3.connection.HTTPConnection object at 0x133ba59f0>: Failed to establish a new connection: [Errno 61] Connection refused')': /api/v1/info]
[2024-08-24 17:07:12,926: WARNING: connectionpool: Retrying (Retry(total=6, connect=1, read=None, redirect=None, status=None)) after connection broken by 'NewConnectionError('<urllib3.connection.HTTPConnection object at 0x133ba5ba0>: Failed to establish a new connection: [Errno 61] Connection refused')': /api/v1/info]
[2024-08-24 17:07:14,540: WARNING: connectionpool: Retrying (Retry(total=5, connect=0, read=None, redirect=None, status=None)) after connection broken by 'NewConnectionError('<urllib3.connection.HTTPConnection object at 0x133ba5d50>: Failed to establish a new connection: [Errno 61] Connection refused')': /api/v1/info]
[2024-08-24 17:10:12,559: INFO: common: Yaml file : config/config.yaml loaded successfully]
[2024-08-24 17:10:12,573: INFO: common: Yaml file : params.yaml loaded successfully]
[2024-08-24 17:10:12,587: INFO: common: Yaml file : schema.yaml loaded successfully]
[2024-08-24 17:10:12,591: INFO: common: Created directory at: artifacts]
[2024-08-24 17:10:12,593: INFO: common: Created directory at: artifacts/data_validation]
[2024-08-24 17:10:19,908: INFO: common: Yaml file : config/config.yaml loaded successfully]
[2024-08-24 17:10:19,915: INFO: common: Yaml file : params.yaml loaded successfully]
[2024-08-24 17:10:19,950: INFO: common: Yaml file : schema.yaml loaded successfully]
[2024-08-24 17:10:19,953: INFO: common: Created directory at: artifacts]
[2024-08-24 17:10:19,957: INFO: common: Created directory at: artifacts/data_transformation]
[2024-08-24 17:10:22,214: INFO: data_transformation: Data splitted into test and training set]
[2024-08-24 17:10:22,214: INFO: data_transformation: (7500, 9)]
[2024-08-24 17:10:22,215: INFO: data_transformation: (2500, 9)]
[2024-08-24 17:12:50,697: INFO: common: Yaml file : config/config.yaml loaded successfully]
[2024-08-24 17:12:50,714: INFO: common: Yaml file : params.yaml loaded successfully]
[2024-08-24 17:12:50,744: INFO: common: Yaml file : schema.yaml loaded successfully]
[2024-08-24 17:12:50,747: INFO: common: Created directory at: artifacts]
[2024-08-24 17:12:50,748: INFO: common: Created directory at: artifacts/data_validation]
[2024-08-24 17:12:59,540: INFO: common: Yaml file : config/config.yaml loaded successfully]
[2024-08-24 17:12:59,547: INFO: common: Yaml file : params.yaml loaded successfully]
[2024-08-24 17:12:59,562: INFO: common: Yaml file : schema.yaml loaded successfully]
[2024-08-24 17:12:59,564: INFO: common: Created directory at: artifacts]
[2024-08-24 17:12:59,565: INFO: common: Created directory at: artifacts/data_transformation]
[2024-08-24 17:13:01,688: INFO: data_transformation: Data splitted into test and training set]
[2024-08-24 17:13:01,691: INFO: data_transformation: (7500, 9)]
[2024-08-24 17:13:01,884: INFO: data_transformation: (2500, 9)]
[2024-08-24 17:14:25,392: WARNING: connectionpool: Retrying (Retry(total=9, connect=5, read=None, redirect=None, status=None)) after connection broken by 'RemoteDisconnected('Remote end closed connection without response')': /api/v1/info]
[2024-08-24 17:14:25,653: WARNING: connectionpool: Retrying (Retry(total=8, connect=5, read=None, redirect=None, status=None)) after connection broken by 'RemoteDisconnected('Remote end closed connection without response')': /api/v1/info]
[2024-08-24 17:14:26,079: WARNING: connectionpool: Retrying (Retry(total=7, connect=5, read=None, redirect=None, status=None)) after connection broken by 'RemoteDisconnected('Remote end closed connection without response')': /api/v1/info]
[2024-08-24 17:14:26,907: WARNING: connectionpool: Retrying (Retry(total=6, connect=5, read=None, redirect=None, status=None)) after connection broken by 'RemoteDisconnected('Remote end closed connection without response')': /api/v1/info]
[2024-08-24 17:14:28,521: WARNING: connectionpool: Retrying (Retry(total=5, connect=5, read=None, redirect=None, status=None)) after connection broken by 'RemoteDisconnected('Remote end closed connection without response')': /api/v1/info]
[2024-08-24 17:14:31,803: WARNING: connectionpool: Retrying (Retry(total=4, connect=5, read=None, redirect=None, status=None)) after connection broken by 'RemoteDisconnected('Remote end closed connection without response')': /api/v1/info]
[2024-08-24 17:14:38,530: WARNING: connectionpool: Retrying (Retry(total=3, connect=5, read=None, redirect=None, status=None)) after connection broken by 'RemoteDisconnected('Remote end closed connection without response')': /api/v1/info]
[2024-08-24 17:14:51,350: WARNING: connectionpool: Retrying (Retry(total=2, connect=5, read=None, redirect=None, status=None)) after connection broken by 'RemoteDisconnected('Remote end closed connection without response')': /api/v1/info]
[2024-08-24 17:14:56,611: WARNING: connectionpool: Retrying (Retry(total=9, connect=5, read=None, redirect=None, status=None)) after connection broken by 'RemoteDisconnected('Remote end closed connection without response')': /api/v1/info]
[2024-08-24 17:21:47,583: INFO: common: Yaml file : config/config.yaml loaded successfully]
[2024-08-24 17:21:47,596: INFO: common: Yaml file : params.yaml loaded successfully]
[2024-08-24 17:21:47,608: INFO: common: Yaml file : schema.yaml loaded successfully]
[2024-08-24 17:21:47,615: INFO: common: Created directory at: artifacts]
[2024-08-24 17:21:47,688: INFO: common: Created directory at: artifacts/data_validation]
[2024-08-24 17:21:53,938: INFO: common: Yaml file : config/config.yaml loaded successfully]
[2024-08-24 17:21:53,960: INFO: common: Yaml file : params.yaml loaded successfully]
[2024-08-24 17:21:54,007: INFO: common: Yaml file : schema.yaml loaded successfully]
[2024-08-24 17:21:54,041: INFO: common: Created directory at: artifacts]
[2024-08-24 17:21:54,042: INFO: common: Created directory at: artifacts/data_transformation]
[2024-08-24 17:21:55,088: INFO: data_transformation: Data splitted into test and training set]
[2024-08-24 17:21:55,091: INFO: data_transformation: (7500, 9)]
[2024-08-24 17:21:55,092: INFO: data_transformation: (2500, 9)]
[2024-08-24 17:31:33,783: INFO: common: Yaml file : config/config.yaml loaded successfully]
[2024-08-24 17:31:33,790: INFO: common: Yaml file : params.yaml loaded successfully]
[2024-08-24 17:31:33,803: INFO: common: Yaml file : schema.yaml loaded successfully]
[2024-08-24 17:31:33,813: INFO: common: Created directory at: artifacts]
[2024-08-24 17:31:33,814: INFO: common: Created directory at: artifacts/data_validation]
[2024-08-24 17:31:40,386: INFO: common: Yaml file : config/config.yaml loaded successfully]
[2024-08-24 17:31:40,394: INFO: common: Yaml file : params.yaml loaded successfully]
[2024-08-24 17:31:40,409: INFO: common: Yaml file : schema.yaml loaded successfully]
[2024-08-24 17:31:40,411: INFO: common: Created directory at: artifacts]
[2024-08-24 17:31:40,411: INFO: common: Created directory at: artifacts/data_transformation]
[2024-08-24 17:31:41,329: INFO: data_transformation: Data splitted into test and training set]
[2024-08-24 17:31:41,331: INFO: data_transformation: (7500, 9)]
[2024-08-24 17:31:41,332: INFO: data_transformation: (2500, 9)]
[2024-08-24 17:32:31,963: INFO: stage_01_data_ingestion: >>>>> Stage Data ingestion stage has started <<<<<]
[2024-08-24 17:32:31,996: INFO: common: Yaml file : config/config.yaml loaded successfully]
[2024-08-24 17:32:32,022: INFO: common: Yaml file : params.yaml loaded successfully]
[2024-08-24 17:32:32,037: INFO: common: Yaml file : schema.yaml loaded successfully]
[2024-08-24 17:32:32,040: INFO: common: Created directory at: artifacts]
[2024-08-24 17:32:32,069: INFO: common: Created directory at: artifacts/data_ingestion]
[2024-08-24 17:32:33,837: INFO: common: Yaml file : config/config.yaml loaded successfully]
[2024-08-24 17:32:33,843: INFO: common: Yaml file : params.yaml loaded successfully]
[2024-08-24 17:32:33,853: INFO: common: Yaml file : schema.yaml loaded successfully]
[2024-08-24 17:32:33,865: INFO: common: Created directory at: artifacts]
[2024-08-24 17:32:33,867: INFO: common: Created directory at: artifacts/data_transformation]
[2024-08-24 17:32:34,939: INFO: data_transformation: Data splitted into test and training set]
[2024-08-24 17:32:34,970: INFO: data_transformation: (7500, 9)]
[2024-08-24 17:32:34,973: INFO: data_transformation: (2500, 9)]
[2024-08-24 17:32:37,278: INFO: stage_03_data_transformation: >>>> Data transformation stage started <<<<< ]
[2024-08-24 17:32:37,278: INFO: stage_03_data_transformation: >>>> Data transformation stage completed 

x=========x]
[2024-08-24 17:32:38,966: INFO: common: Yaml file : config/config.yaml loaded successfully]
[2024-08-24 17:32:38,981: INFO: common: Yaml file : params.yaml loaded successfully]
[2024-08-24 17:32:39,009: INFO: common: Yaml file : schema.yaml loaded successfully]
[2024-08-24 17:32:39,011: INFO: common: Created directory at: artifacts]
[2024-08-24 17:32:39,012: INFO: common: Created directory at: artifacts/data_validation]
[2024-08-24 17:32:40,686: INFO: stage_02_data_validation: >>>> Data validation stage started <<<<< ]
[2024-08-24 17:32:40,689: INFO: stage_02_data_validation: >>>> Data validation stage completed x=========x]
[2024-08-24 17:32:43,127: INFO: stage_05_model_evaluation:  >>>>>>>> Model evaluation has started <<<<<<<<<< ]
[2024-08-24 17:32:43,151: INFO: common: Yaml file : config/config.yaml loaded successfully]
[2024-08-24 17:32:43,159: INFO: common: Yaml file : params.yaml loaded successfully]
[2024-08-24 17:32:43,174: INFO: common: Yaml file : schema.yaml loaded successfully]
[2024-08-24 17:32:43,175: INFO: common: Created directory at: artifacts]
[2024-08-24 17:32:43,176: INFO: common: Created directory at: artifacts/model_evaluation]
[2024-08-24 17:32:44,362: INFO: common: Json file saved at: artifacts/model_evaluation/metrics.json]
[2024-08-24 17:33:23,843: INFO: stage_05_model_evaluation: >>>>> Model evaluation has completed 

 x==================x]
[2024-08-24 17:33:26,172: INFO: stage_04_model_trainer: >>>>> Stage Model trainer has started <<<<<]
[2024-08-24 17:33:26,230: INFO: common: Yaml file : config/config.yaml loaded successfully]
[2024-08-24 17:33:26,272: INFO: common: Yaml file : params.yaml loaded successfully]
[2024-08-24 17:33:26,377: INFO: common: Yaml file : schema.yaml loaded successfully]
[2024-08-24 17:33:26,383: INFO: common: Created directory at: artifacts]
[2024-08-24 17:33:26,387: INFO: common: Created directory at: artifacts/model_trainer]
[2024-08-24 17:33:27,173: INFO: stage_04_model_trainer: >>>>> Stage Model trainer has completed 

 x=========x]
[2021-01-01 05:58:00,804: INFO: common: Yaml file : config/config.yaml loaded successfully]
[2021-01-01 05:58:00,816: INFO: common: Yaml file : params.yaml loaded successfully]
[2021-01-01 05:58:00,829: INFO: common: Yaml file : schema.yaml loaded successfully]
[2021-01-01 05:58:00,831: INFO: common: Created directory at: artifacts]
[2021-01-01 05:58:00,832: INFO: common: Created directory at: artifacts/data_validation]
[2021-01-01 05:58:08,377: INFO: common: Yaml file : config/config.yaml loaded successfully]
[2021-01-01 05:58:08,384: INFO: common: Yaml file : params.yaml loaded successfully]
[2021-01-01 05:58:08,446: INFO: common: Yaml file : schema.yaml loaded successfully]
[2021-01-01 05:58:08,450: INFO: common: Created directory at: artifacts]
[2021-01-01 05:58:08,458: INFO: common: Created directory at: artifacts/data_transformation]
[2021-01-01 05:58:10,739: INFO: data_transformation: Data splitted into test and training set]
[2021-01-01 05:58:10,740: INFO: data_transformation: (7500, 9)]
[2021-01-01 05:58:10,741: INFO: data_transformation: (2500, 9)]
[2021-01-01 05:58:15,231: INFO: main: >>>>> Stage Data ingestion has started <<<<<]
[2021-01-01 05:58:15,248: INFO: common: Yaml file : config/config.yaml loaded successfully]
[2021-01-01 05:58:15,255: INFO: common: Yaml file : params.yaml loaded successfully]
[2021-01-01 05:58:15,271: INFO: common: Yaml file : schema.yaml loaded successfully]
[2021-01-01 05:58:15,272: INFO: common: Created directory at: artifacts]
[2021-01-01 05:58:15,273: INFO: common: Created directory at: artifacts/data_ingestion]
[2021-01-01 05:58:15,567: ERROR: main: <urlopen error [Errno 8] nodename nor servname provided, or not known>]
Traceback (most recent call last):
  File "/Library/Frameworks/Python.framework/Versions/3.10/lib/python3.10/urllib/request.py", line 1348, in do_open
    h.request(req.get_method(), req.selector, req.data, headers,
  File "/Library/Frameworks/Python.framework/Versions/3.10/lib/python3.10/http/client.py", line 1282, in request
    self._send_request(method, url, body, headers, encode_chunked)
  File "/Library/Frameworks/Python.framework/Versions/3.10/lib/python3.10/http/client.py", line 1328, in _send_request
    self.endheaders(body, encode_chunked=encode_chunked)
  File "/Library/Frameworks/Python.framework/Versions/3.10/lib/python3.10/http/client.py", line 1277, in endheaders
    self._send_output(message_body, encode_chunked=encode_chunked)
  File "/Library/Frameworks/Python.framework/Versions/3.10/lib/python3.10/http/client.py", line 1037, in _send_output
    self.send(msg)
  File "/Library/Frameworks/Python.framework/Versions/3.10/lib/python3.10/http/client.py", line 975, in send
    self.connect()
  File "/Library/Frameworks/Python.framework/Versions/3.10/lib/python3.10/http/client.py", line 1447, in connect
    super().connect()
  File "/Library/Frameworks/Python.framework/Versions/3.10/lib/python3.10/http/client.py", line 941, in connect
    self.sock = self._create_connection(
  File "/Library/Frameworks/Python.framework/Versions/3.10/lib/python3.10/socket.py", line 824, in create_connection
    for res in getaddrinfo(host, port, 0, SOCK_STREAM):
  File "/Library/Frameworks/Python.framework/Versions/3.10/lib/python3.10/socket.py", line 955, in getaddrinfo
    for res in _socket.getaddrinfo(host, port, family, type, proto, flags):
socket.gaierror: [Errno 8] nodename nor servname provided, or not known

During handling of the above exception, another exception occurred:

Traceback (most recent call last):
  File "/Users/ntchindagiscard/Documents/end-end-mlflow/main.py", line 13, in <module>
    obj.main()
  File "/Users/ntchindagiscard/Documents/end-end-mlflow/src/mlProject/pipeline/stage_01_data_ingestion.py", line 20, in main
    data_ingestion.download_file()
  File "/Users/ntchindagiscard/Documents/end-end-mlflow/src/mlProject/components/data_ingestion.py", line 31, in download_file
    _, headers = request.urlretrieve(
  File "/Library/Frameworks/Python.framework/Versions/3.10/lib/python3.10/urllib/request.py", line 241, in urlretrieve
    with contextlib.closing(urlopen(url, data)) as fp:
  File "/Library/Frameworks/Python.framework/Versions/3.10/lib/python3.10/urllib/request.py", line 216, in urlopen
    return opener.open(url, data, timeout)
  File "/Library/Frameworks/Python.framework/Versions/3.10/lib/python3.10/urllib/request.py", line 519, in open
    response = self._open(req, data)
  File "/Library/Frameworks/Python.framework/Versions/3.10/lib/python3.10/urllib/request.py", line 536, in _open
    result = self._call_chain(self.handle_open, protocol, protocol +
  File "/Library/Frameworks/Python.framework/Versions/3.10/lib/python3.10/urllib/request.py", line 496, in _call_chain
    result = func(*args)
  File "/Library/Frameworks/Python.framework/Versions/3.10/lib/python3.10/urllib/request.py", line 1391, in https_open
    return self.do_open(http.client.HTTPSConnection, req,
  File "/Library/Frameworks/Python.framework/Versions/3.10/lib/python3.10/urllib/request.py", line 1351, in do_open
    raise URLError(err)
urllib.error.URLError: <urlopen error [Errno 8] nodename nor servname provided, or not known>
[2021-01-01 05:58:15,602: INFO: main: >>>> Data validation stage started <<<<< ]
[2021-01-01 05:58:15,602: INFO: main: >>>> Data validation stage completed 

x=========x]
[2021-01-01 05:58:15,603: INFO: main: >>>> Data transformation stage started <<<<< ]
[2021-01-01 05:58:15,603: INFO: main: >>>> Data transformation stage completed 

x=========x]
[2021-01-01 05:58:15,603: INFO: main: >>>>> Stage Model trainer has started <<<<<]
[2021-01-01 05:58:15,650: INFO: common: Yaml file : config/config.yaml loaded successfully]
[2021-01-01 05:58:15,662: INFO: common: Yaml file : params.yaml loaded successfully]
[2021-01-01 05:58:15,671: INFO: common: Yaml file : schema.yaml loaded successfully]
[2021-01-01 05:58:15,675: INFO: common: Created directory at: artifacts]
[2021-01-01 05:58:15,676: INFO: common: Created directory at: artifacts/model_trainer]
[2021-01-01 05:58:16,157: INFO: main: >>>>> Stage Model trainer has completed 

 x=========x]
[2021-01-01 05:58:16,160: INFO: main: >>>>> Stage Model evaluation has started <<<<<]
[2021-01-01 05:58:16,208: INFO: common: Yaml file : config/config.yaml loaded successfully]
[2021-01-01 05:58:16,213: INFO: common: Yaml file : params.yaml loaded successfully]
[2021-01-01 05:58:16,241: INFO: common: Yaml file : schema.yaml loaded successfully]
[2021-01-01 05:58:16,246: INFO: common: Created directory at: artifacts]
[2021-01-01 05:58:16,271: INFO: common: Created directory at: artifacts/model_evaluation]
[2021-01-01 05:58:17,205: INFO: common: Json file saved at: artifacts/model_evaluation/metrics.json]
[2021-01-01 05:58:50,533: INFO: main: >>>>> Stage Model evaluation has completed 

 x=========x]
[2024-12-28 05:16:59,666: INFO: common: Yaml file : config/config.yaml loaded successfully]
[2024-12-28 05:16:59,702: INFO: common: Yaml file : params.yaml loaded successfully]
[2024-12-28 05:16:59,874: INFO: common: Yaml file : schema.yaml loaded successfully]
[2024-12-28 05:17:00,117: INFO: common: Created directory at: artifacts]
[2024-12-28 05:17:00,122: INFO: common: Created directory at: artifacts/data_ingestion]
[2025-01-01 04:42:56,624: INFO: common: Yaml file : config/config.yaml loaded successfully]
[2025-01-01 04:42:56,632: INFO: common: Yaml file : params.yaml loaded successfully]
[2025-01-01 04:42:56,641: INFO: common: Yaml file : schema.yaml loaded successfully]
[2025-01-01 04:42:56,642: INFO: common: Created directory at: artifacts]
[2025-01-01 04:42:56,643: INFO: common: Created directory at: artifacts/data_validation]
[2025-01-01 04:43:06,846: INFO: common: Yaml file : config/config.yaml loaded successfully]
[2025-01-01 04:43:06,885: INFO: common: Yaml file : params.yaml loaded successfully]
[2025-01-01 04:43:06,904: INFO: common: Yaml file : schema.yaml loaded successfully]
[2025-01-01 04:43:06,908: INFO: common: Created directory at: artifacts]
[2025-01-01 04:43:06,910: INFO: common: Created directory at: artifacts/data_transformation]
[2025-01-01 04:43:10,057: INFO: data_transformation: Data splitted into test and training set]
[2025-01-01 04:43:10,059: INFO: data_transformation: (7500, 9)]
[2025-01-01 04:43:10,061: INFO: data_transformation: (2500, 9)]
[2025-01-01 04:43:34,519: INFO: main: >>>>> Stage Data ingestion has started <<<<<]
[2025-01-01 04:43:34,690: INFO: common: Yaml file : config/config.yaml loaded successfully]
[2025-01-01 04:43:34,702: INFO: common: Yaml file : params.yaml loaded successfully]
[2025-01-01 04:43:34,824: INFO: common: Yaml file : schema.yaml loaded successfully]
[2025-01-01 04:43:34,887: INFO: common: Created directory at: artifacts]
[2025-01-01 04:43:34,928: INFO: common: Created directory at: artifacts/data_ingestion]
[2025-01-01 04:43:36,880: ERROR: main: HTTP Error 400: Bad Request]
Traceback (most recent call last):
  File "/Users/ntchindagiscard/Documents/end-end-mlflow/main.py", line 13, in <module>
    obj.main()
  File "/Users/ntchindagiscard/Documents/end-end-mlflow/src/mlProject/pipeline/stage_01_data_ingestion.py", line 20, in main
    data_ingestion.download_file()
  File "/Users/ntchindagiscard/Documents/end-end-mlflow/src/mlProject/components/data_ingestion.py", line 31, in download_file
    _, headers = request.urlretrieve(
  File "/Library/Frameworks/Python.framework/Versions/3.10/lib/python3.10/urllib/request.py", line 241, in urlretrieve
    with contextlib.closing(urlopen(url, data)) as fp:
  File "/Library/Frameworks/Python.framework/Versions/3.10/lib/python3.10/urllib/request.py", line 216, in urlopen
    return opener.open(url, data, timeout)
  File "/Library/Frameworks/Python.framework/Versions/3.10/lib/python3.10/urllib/request.py", line 525, in open
    response = meth(req, response)
  File "/Library/Frameworks/Python.framework/Versions/3.10/lib/python3.10/urllib/request.py", line 634, in http_response
    response = self.parent.error(
  File "/Library/Frameworks/Python.framework/Versions/3.10/lib/python3.10/urllib/request.py", line 563, in error
    return self._call_chain(*args)
  File "/Library/Frameworks/Python.framework/Versions/3.10/lib/python3.10/urllib/request.py", line 496, in _call_chain
    result = func(*args)
  File "/Library/Frameworks/Python.framework/Versions/3.10/lib/python3.10/urllib/request.py", line 643, in http_error_default
    raise HTTPError(req.full_url, code, msg, hdrs, fp)
urllib.error.HTTPError: HTTP Error 400: Bad Request
[2025-01-01 04:43:36,914: INFO: main: >>>> Data validation stage started <<<<< ]
[2025-01-01 04:43:36,916: INFO: main: >>>> Data validation stage completed 

x=========x]
[2025-01-01 04:43:36,920: INFO: main: >>>> Data transformation stage started <<<<< ]
[2025-01-01 04:43:36,922: INFO: main: >>>> Data transformation stage completed 

x=========x]
[2025-01-01 04:43:36,923: INFO: main: >>>>> Stage Model trainer has started <<<<<]
[2025-01-01 04:43:37,040: INFO: common: Yaml file : config/config.yaml loaded successfully]
[2025-01-01 04:43:37,066: INFO: common: Yaml file : params.yaml loaded successfully]
[2025-01-01 04:43:37,103: INFO: common: Yaml file : schema.yaml loaded successfully]
[2025-01-01 04:43:37,106: INFO: common: Created directory at: artifacts]
[2025-01-01 04:43:37,107: INFO: common: Created directory at: artifacts/model_trainer]
[2025-01-01 04:43:40,293: INFO: main: >>>>> Stage Model trainer has completed 

 x=========x]
[2025-01-01 04:43:40,298: INFO: main: >>>>> Stage Model evaluation has started <<<<<]
[2025-01-01 04:43:40,813: INFO: common: Yaml file : config/config.yaml loaded successfully]
[2025-01-01 04:43:40,825: INFO: common: Yaml file : params.yaml loaded successfully]
[2025-01-01 04:43:41,035: INFO: common: Yaml file : schema.yaml loaded successfully]
[2025-01-01 04:43:41,037: INFO: common: Created directory at: artifacts]
[2025-01-01 04:43:41,039: INFO: common: Created directory at: artifacts/model_evaluation]
[2025-01-01 04:43:45,323: INFO: common: Json file saved at: artifacts/model_evaluation/metrics.json]
[2025-01-01 04:45:31,842: INFO: main: >>>>> Stage Model evaluation has completed 

 x=========x]
[2025-01-10 11:24:15,880: INFO: common: Yaml file : config/config.yaml loaded successfully]
[2025-01-10 11:24:15,903: INFO: common: Yaml file : params.yaml loaded successfully]
[2025-01-10 11:24:15,927: INFO: common: Yaml file : schema.yaml loaded successfully]
[2025-01-10 11:24:15,935: INFO: common: Created directory at: artifacts]
[2025-01-10 11:24:15,964: INFO: common: Created directory at: artifacts/data_ingestion]
[2025-01-10 11:26:12,795: INFO: common: Yaml file : config/config.yaml loaded successfully]
[2025-01-10 11:26:12,809: INFO: common: Yaml file : params.yaml loaded successfully]
[2025-01-10 11:26:12,869: INFO: common: Yaml file : schema.yaml loaded successfully]
[2025-01-10 11:26:12,910: INFO: common: Created directory at: artifacts]
[2025-01-10 11:26:12,930: INFO: common: Created directory at: artifacts/data_ingestion]
[2025-01-10 11:27:21,661: INFO: common: Yaml file : config/config.yaml loaded successfully]
[2025-01-10 11:27:21,698: INFO: common: Yaml file : params.yaml loaded successfully]
[2025-01-10 11:27:21,776: INFO: common: Yaml file : schema.yaml loaded successfully]
[2025-01-10 11:27:21,785: INFO: common: Created directory at: artifacts]
[2025-01-10 11:27:21,794: INFO: common: Created directory at: artifacts/data_ingestion]
[2025-01-10 11:27:21,815: INFO: 1878479995: File already exists of size ~1445 KB]
[2025-01-10 11:37:44,878: INFO: common: Yaml file : config/config.yaml loaded successfully]
[2025-01-10 11:37:44,889: INFO: common: Yaml file : params.yaml loaded successfully]
[2025-01-10 11:37:44,909: INFO: common: Yaml file : schema.yaml loaded successfully]
[2025-01-10 11:37:44,918: INFO: common: Created directory at: artifacts]
[2025-01-10 11:37:44,926: INFO: common: Created directory at: artifacts/data_ingestion]
[2025-01-10 11:38:44,814: INFO: common: Yaml file : config/config.yaml loaded successfully]
[2025-01-10 11:38:44,831: INFO: common: Yaml file : params.yaml loaded successfully]
[2025-01-10 11:38:44,846: INFO: common: Yaml file : schema.yaml loaded successfully]
[2025-01-10 11:38:44,853: INFO: common: Created directory at: artifacts]
[2025-01-10 11:38:44,858: INFO: common: Created directory at: artifacts/data_ingestion]
[2025-01-10 11:39:15,108: INFO: common: Yaml file : config/config.yaml loaded successfully]
[2025-01-10 11:39:15,136: INFO: common: Yaml file : params.yaml loaded successfully]
[2025-01-10 11:39:15,174: INFO: common: Yaml file : schema.yaml loaded successfully]
[2025-01-10 11:39:15,203: INFO: common: Created directory at: artifacts]
[2025-01-10 11:39:15,224: INFO: common: Created directory at: artifacts/data_ingestion]
[2025-01-10 11:39:20,435: INFO: 2961306340: File download! With the following information : 
Date: Fri, 10 Jan 2025 10:39:21 GMT
Server: Apache/2.4.6 (Red Hat Enterprise Linux) OpenSSL/1.0.2k-fips
Last-Modified: Tue, 03 Dec 2019 17:14:18 GMT
ETag: "eed1a-598cfd387dc5a"
Accept-Ranges: bytes
Content-Length: 978202
Connection: close
Content-Type: application/zip

 ]
[2025-01-11 09:24:56,597: INFO: common: Yaml file : config/config.yaml loaded successfully]
[2025-01-11 09:24:56,611: INFO: common: Yaml file : params.yaml loaded successfully]
[2025-01-11 09:24:56,701: INFO: common: Yaml file : schema.yaml loaded successfully]
[2025-01-11 09:24:56,759: INFO: 2712473069: Created directory at: artifacts]
[2025-01-11 09:24:56,796: INFO: 2712473069: Created directory at: artifacts/data_validation]
[2025-01-11 09:48:29,108: INFO: common: Yaml file : config/config.yaml loaded successfully]
[2025-01-11 09:48:29,133: INFO: common: Yaml file : params.yaml loaded successfully]
[2025-01-11 09:48:29,157: INFO: common: Yaml file : schema.yaml loaded successfully]
[2025-01-11 09:48:29,169: INFO: 2712473069: Created directory at: artifacts]
[2025-01-11 09:48:29,425: INFO: 2712473069: Created directory at: artifacts/data_validation]
[2025-01-11 09:49:34,387: INFO: common: Yaml file : config/config.yaml loaded successfully]
[2025-01-11 09:49:34,403: INFO: common: Yaml file : params.yaml loaded successfully]
[2025-01-11 09:49:34,433: INFO: common: Yaml file : schema.yaml loaded successfully]
[2025-01-11 09:49:34,447: INFO: 2712473069: Created directory at: artifacts]
[2025-01-11 09:49:34,456: INFO: 2712473069: Created directory at: artifacts/data_validation]
[2021-01-01 01:14:33,840: INFO: common: Yaml file : config/config.yaml loaded successfully]
[2021-01-01 01:14:33,890: INFO: common: Yaml file : params.yaml loaded successfully]
[2021-01-01 01:14:33,927: INFO: common: Yaml file : schema.yaml loaded successfully]
[2021-01-01 01:14:33,961: INFO: common: Created directory at: artifacts]
[2021-01-01 01:14:55,456: INFO: common: Yaml file : config/config.yaml loaded successfully]
[2021-01-01 01:14:55,468: INFO: common: Yaml file : params.yaml loaded successfully]
[2021-01-01 01:14:55,495: INFO: common: Yaml file : schema.yaml loaded successfully]
[2021-01-01 01:14:55,505: INFO: common: Created directory at: artifacts]
[2021-01-01 01:15:52,555: INFO: common: Yaml file : config/config.yaml loaded successfully]
[2021-01-01 01:15:52,569: INFO: common: Yaml file : params.yaml loaded successfully]
[2021-01-01 01:15:52,602: INFO: common: Yaml file : schema.yaml loaded successfully]
[2021-01-01 01:15:52,610: INFO: common: Created directory at: artifacts]
[2021-01-01 01:15:52,615: INFO: common: Created directory at: artifacts/data_transformation]
[2021-01-01 03:31:56,478: INFO: common: Yaml file : config/config.yaml loaded successfully]
[2021-01-01 03:31:56,511: INFO: common: Yaml file : params.yaml loaded successfully]
[2021-01-01 03:31:56,565: INFO: common: Yaml file : schema.yaml loaded successfully]
[2021-01-01 03:31:56,578: INFO: common: Created directory at: artifacts]
[2021-01-01 03:31:56,585: INFO: common: Created directory at: artifacts/data_transformation]
[2021-01-01 07:44:25,382: INFO: common: Yaml file : config/config.yaml loaded successfully]
[2021-01-01 07:44:25,390: INFO: common: Yaml file : params.yaml loaded successfully]
[2021-01-01 07:44:25,405: INFO: common: Yaml file : schema.yaml loaded successfully]
[2021-01-01 07:44:25,410: INFO: common: Created directory at: artifacts]
[2021-01-01 07:44:25,418: INFO: common: Created directory at: artifacts/data_transformation]
[2021-01-01 12:54:09,510: INFO: common: Yaml file : config/config.yaml loaded successfully]
[2021-01-01 12:54:09,520: INFO: common: Yaml file : params.yaml loaded successfully]
[2021-01-01 12:54:09,534: INFO: common: Yaml file : schema.yaml loaded successfully]
[2021-01-01 12:54:09,542: INFO: common: Created directory at: artifacts]
[2021-01-01 12:54:09,546: INFO: common: Created directory at: artifacts/data_transformation]
[2021-01-01 12:55:06,840: INFO: common: Yaml file : config/config.yaml loaded successfully]
[2021-01-01 12:55:06,850: INFO: common: Yaml file : params.yaml loaded successfully]
[2021-01-01 12:55:06,867: INFO: common: Yaml file : schema.yaml loaded successfully]
[2021-01-01 12:55:06,874: INFO: common: Created directory at: artifacts]
[2025-01-14 11:21:48,573: INFO: common: Yaml file : config/config.yaml loaded successfully]
[2025-01-14 11:22:05,597: INFO: common: Yaml file : params.yaml loaded successfully]
[2025-01-14 11:22:07,053: INFO: common: Yaml file : schema.yaml loaded successfully]
[2025-01-14 11:22:07,165: INFO: common: Created directory at: artifacts]
[2025-01-14 11:22:07,173: INFO: common: Created directory at: artifacts/data_transformation]
[2025-01-14 11:45:42,544: INFO: common: Yaml file : config/config.yaml loaded successfully]
[2025-01-14 11:45:42,570: INFO: common: Yaml file : params.yaml loaded successfully]
[2025-01-14 11:45:42,586: INFO: common: Yaml file : schema.yaml loaded successfully]
[2025-01-14 11:47:29,953: INFO: common: Yaml file : config/config.yaml loaded successfully]
[2025-01-14 11:47:29,970: INFO: common: Yaml file : params.yaml loaded successfully]
[2025-01-14 11:47:29,988: INFO: common: Yaml file : schema.yaml loaded successfully]
[2025-01-14 11:47:29,996: INFO: common: Created directory at: artifacts]
[2025-01-14 11:47:30,008: INFO: common: Created directory at: artifacts/data_validation]
[2025-01-14 11:51:04,297: INFO: common: Yaml file : config/config.yaml loaded successfully]
[2025-01-14 11:51:04,324: INFO: common: Yaml file : params.yaml loaded successfully]
[2025-01-14 11:51:04,356: INFO: common: Yaml file : schema.yaml loaded successfully]
[2025-01-14 11:51:04,371: INFO: common: Created directory at: artifacts]
[2025-01-14 11:51:04,383: INFO: common: Created directory at: artifacts/data_validation]
[2025-01-14 11:54:04,580: INFO: common: Yaml file : config/config.yaml loaded successfully]
[2025-01-14 11:54:04,597: INFO: common: Yaml file : params.yaml loaded successfully]
[2025-01-14 11:54:04,628: INFO: common: Yaml file : schema.yaml loaded successfully]
[2025-01-14 11:54:04,642: INFO: common: Created directory at: artifacts]
[2025-01-14 11:54:04,653: INFO: common: Created directory at: artifacts/data_validation]
[2025-01-14 11:57:11,530: INFO: common: Yaml file : config/config.yaml loaded successfully]
[2025-01-14 11:57:11,542: INFO: common: Yaml file : params.yaml loaded successfully]
[2025-01-14 11:57:11,571: INFO: common: Yaml file : schema.yaml loaded successfully]
[2025-01-14 11:57:11,586: INFO: common: Created directory at: artifacts]
[2025-01-14 11:57:11,596: INFO: common: Created directory at: artifacts/data_validation]
[2025-01-14 11:57:25,646: INFO: common: Yaml file : config/config.yaml loaded successfully]
[2025-01-14 11:57:25,658: INFO: common: Yaml file : params.yaml loaded successfully]
[2025-01-14 11:57:25,691: INFO: common: Yaml file : schema.yaml loaded successfully]
[2025-01-14 11:57:25,698: INFO: common: Created directory at: artifacts]
[2025-01-14 11:57:25,712: INFO: common: Created directory at: artifacts/data_validation]
[2025-01-14 11:57:36,154: INFO: common: Yaml file : config/config.yaml loaded successfully]
[2025-01-14 11:57:36,169: INFO: common: Yaml file : params.yaml loaded successfully]
[2025-01-14 11:57:36,191: INFO: common: Yaml file : schema.yaml loaded successfully]
[2025-01-14 11:57:36,197: INFO: common: Created directory at: artifacts]
[2025-01-14 11:57:36,207: INFO: common: Created directory at: artifacts/data_validation]
[2025-01-14 11:59:14,232: INFO: common: Yaml file : config/config.yaml loaded successfully]
[2025-01-14 11:59:14,283: INFO: common: Yaml file : params.yaml loaded successfully]
[2025-01-14 11:59:14,325: INFO: common: Yaml file : schema.yaml loaded successfully]
[2025-01-14 11:59:14,332: INFO: common: Created directory at: artifacts]
[2025-01-14 11:59:14,342: INFO: common: Created directory at: artifacts/data_validation]
[2025-01-14 11:59:30,071: INFO: common: Yaml file : config/config.yaml loaded successfully]
[2025-01-14 11:59:30,080: INFO: common: Yaml file : params.yaml loaded successfully]
[2025-01-14 11:59:30,106: INFO: common: Yaml file : schema.yaml loaded successfully]
[2025-01-14 11:59:30,125: INFO: common: Created directory at: artifacts]
[2025-01-14 11:59:30,132: INFO: common: Created directory at: artifacts/data_validation]
[2025-01-14 12:00:17,539: INFO: common: Yaml file : config/config.yaml loaded successfully]
[2025-01-14 12:00:17,559: INFO: common: Yaml file : params.yaml loaded successfully]
[2025-01-14 12:00:17,604: INFO: common: Yaml file : schema.yaml loaded successfully]
[2025-01-14 12:00:17,624: INFO: common: Created directory at: artifacts]
[2025-01-14 12:00:17,630: INFO: common: Created directory at: artifacts/data_validation]
[2025-01-14 12:05:28,090: INFO: common: Yaml file : config/config.yaml loaded successfully]
[2025-01-14 12:05:28,117: INFO: common: Yaml file : params.yaml loaded successfully]
[2025-01-14 12:05:28,194: INFO: common: Yaml file : schema.yaml loaded successfully]
[2025-01-14 12:05:28,217: INFO: common: Created directory at: artifacts]
[2025-01-14 12:05:28,224: INFO: common: Created directory at: artifacts/data_validation]
[2025-01-14 12:05:38,469: INFO: common: Yaml file : config/config.yaml loaded successfully]
[2025-01-14 12:05:38,479: INFO: common: Yaml file : params.yaml loaded successfully]
[2025-01-14 12:05:38,495: INFO: common: Yaml file : schema.yaml loaded successfully]
[2025-01-14 12:05:38,500: INFO: common: Created directory at: artifacts]
[2025-01-14 12:05:38,506: INFO: common: Created directory at: artifacts/data_validation]
[2025-01-14 12:07:30,378: INFO: common: Yaml file : config/config.yaml loaded successfully]
[2025-01-14 12:07:30,387: INFO: common: Yaml file : params.yaml loaded successfully]
[2025-01-14 12:07:30,411: INFO: common: Yaml file : schema.yaml loaded successfully]
[2025-01-14 12:07:30,439: INFO: common: Created directory at: artifacts]
[2025-01-14 12:07:30,443: INFO: common: Created directory at: artifacts/data_validation]
[2025-01-14 12:08:21,324: INFO: common: Yaml file : config/config.yaml loaded successfully]
[2025-01-14 12:08:21,342: INFO: common: Yaml file : params.yaml loaded successfully]
[2025-01-14 12:08:21,370: INFO: common: Yaml file : schema.yaml loaded successfully]
[2025-01-14 12:08:21,379: INFO: common: Created directory at: artifacts]
[2025-01-14 12:08:21,385: INFO: common: Created directory at: artifacts/data_validation]
[2025-01-14 12:23:07,659: INFO: common: Yaml file : config/config.yaml loaded successfully]
[2025-01-14 12:23:07,687: INFO: common: Yaml file : params.yaml loaded successfully]
[2025-01-14 12:23:07,714: INFO: common: Yaml file : schema.yaml loaded successfully]
[2025-01-14 12:23:07,721: INFO: common: Created directory at: artifacts]
[2025-01-14 12:23:07,728: INFO: common: Created directory at: artifacts/data_validation]
[2025-01-14 12:24:58,952: INFO: common: Yaml file : config/config.yaml loaded successfully]
[2025-01-14 12:24:58,982: INFO: common: Yaml file : params.yaml loaded successfully]
[2025-01-14 12:24:59,006: INFO: common: Yaml file : schema.yaml loaded successfully]
[2025-01-14 12:24:59,014: INFO: common: Created directory at: artifacts]
[2025-01-14 12:24:59,023: INFO: common: Created directory at: artifacts/data_validation]
[2025-01-14 12:25:25,278: INFO: common: Yaml file : config/config.yaml loaded successfully]
[2025-01-14 12:25:25,302: INFO: common: Yaml file : params.yaml loaded successfully]
[2025-01-14 12:25:25,325: INFO: common: Yaml file : schema.yaml loaded successfully]
[2025-01-14 12:25:25,339: INFO: common: Created directory at: artifacts]
[2025-01-14 12:25:25,347: INFO: common: Created directory at: artifacts/data_validation]
[2025-01-14 12:40:22,184: INFO: common: Yaml file : config/config.yaml loaded successfully]
[2025-01-14 12:40:22,223: INFO: common: Yaml file : params.yaml loaded successfully]
[2025-01-14 12:40:22,244: INFO: common: Yaml file : schema.yaml loaded successfully]
[2025-01-14 12:40:22,254: INFO: common: Created directory at: artifacts]
[2025-01-14 12:40:22,265: INFO: common: Created directory at: artifacts/data_validation]
[2025-01-14 12:40:58,593: INFO: common: Yaml file : config/config.yaml loaded successfully]
[2025-01-14 12:40:58,604: INFO: common: Yaml file : params.yaml loaded successfully]
[2025-01-14 12:40:58,621: INFO: common: Yaml file : schema.yaml loaded successfully]
[2025-01-14 12:40:58,629: INFO: common: Created directory at: artifacts]
[2025-01-14 12:40:58,636: INFO: common: Created directory at: artifacts/data_validation]
[2025-01-14 12:41:31,194: INFO: common: Yaml file : config/config.yaml loaded successfully]
[2025-01-14 12:41:31,224: INFO: common: Yaml file : params.yaml loaded successfully]
[2025-01-14 12:41:31,256: INFO: common: Yaml file : schema.yaml loaded successfully]
[2025-01-14 12:41:31,264: INFO: common: Created directory at: artifacts]
[2025-01-14 12:41:31,268: INFO: common: Created directory at: artifacts/data_validation]
[2025-01-14 12:44:28,585: INFO: common: Yaml file : config/config.yaml loaded successfully]
[2025-01-14 12:44:28,635: INFO: common: Yaml file : params.yaml loaded successfully]
[2025-01-14 12:44:28,659: INFO: common: Yaml file : schema.yaml loaded successfully]
[2025-01-14 12:44:28,666: INFO: common: Created directory at: artifacts]
[2025-01-14 12:44:28,674: INFO: common: Created directory at: artifacts/data_validation]
[2025-01-14 12:45:54,045: INFO: common: Yaml file : config/config.yaml loaded successfully]
[2025-01-14 12:45:54,058: INFO: common: Yaml file : params.yaml loaded successfully]
[2025-01-14 12:45:54,075: INFO: common: Yaml file : schema.yaml loaded successfully]
[2025-01-14 12:45:54,083: INFO: common: Created directory at: artifacts]
[2025-01-14 12:45:54,088: INFO: common: Created directory at: artifacts/data_validation]
[2025-01-14 12:46:23,704: INFO: common: Yaml file : config/config.yaml loaded successfully]
[2025-01-14 12:46:23,716: INFO: common: Yaml file : params.yaml loaded successfully]
[2025-01-14 12:46:23,735: INFO: common: Yaml file : schema.yaml loaded successfully]
[2025-01-14 12:46:23,744: INFO: common: Created directory at: artifacts]
[2025-01-14 12:46:23,759: INFO: common: Created directory at: artifacts/data_validation]
[2025-01-14 12:46:39,133: INFO: common: Yaml file : config/config.yaml loaded successfully]
[2025-01-14 12:46:39,148: INFO: common: Yaml file : params.yaml loaded successfully]
[2025-01-14 12:46:39,172: INFO: common: Yaml file : schema.yaml loaded successfully]
[2025-01-14 12:46:39,177: INFO: common: Created directory at: artifacts]
[2025-01-14 12:46:39,189: INFO: common: Created directory at: artifacts/data_validation]
[2025-01-14 12:47:18,879: INFO: common: Yaml file : config/config.yaml loaded successfully]
[2025-01-14 12:47:18,889: INFO: common: Yaml file : params.yaml loaded successfully]
[2025-01-14 12:47:18,908: INFO: common: Yaml file : schema.yaml loaded successfully]
[2025-01-14 12:47:18,915: INFO: common: Created directory at: artifacts]
[2025-01-14 12:47:18,920: INFO: common: Created directory at: artifacts/data_validation]
[2025-01-14 12:47:51,999: INFO: common: Yaml file : config/config.yaml loaded successfully]
[2025-01-14 12:47:52,034: INFO: common: Yaml file : params.yaml loaded successfully]
[2025-01-14 12:47:52,052: INFO: common: Yaml file : schema.yaml loaded successfully]
[2025-01-14 12:47:52,061: INFO: common: Created directory at: artifacts]
[2025-01-14 12:47:52,067: INFO: common: Created directory at: artifacts/data_validation]
[2025-01-14 12:48:32,205: INFO: common: Yaml file : config/config.yaml loaded successfully]
[2025-01-14 12:48:32,213: INFO: common: Yaml file : params.yaml loaded successfully]
[2025-01-14 12:48:32,234: INFO: common: Yaml file : schema.yaml loaded successfully]
[2025-01-14 12:48:32,242: INFO: common: Created directory at: artifacts]
[2025-01-14 12:48:32,250: INFO: common: Created directory at: artifacts/data_validation]
[2025-01-14 13:07:53,957: INFO: common: Yaml file : config/config.yaml loaded successfully]
[2025-01-14 13:07:54,015: INFO: common: Yaml file : params.yaml loaded successfully]
[2025-01-14 13:07:54,109: INFO: common: Yaml file : schema.yaml loaded successfully]
[2025-01-14 13:07:54,136: INFO: common: Created directory at: artifacts]
[2025-01-14 13:07:54,146: INFO: common: Created directory at: artifacts/data_validation]
[2025-01-14 13:09:14,461: INFO: common: Yaml file : config/config.yaml loaded successfully]
[2025-01-14 13:09:14,496: INFO: common: Yaml file : params.yaml loaded successfully]
[2025-01-14 13:09:14,529: INFO: common: Yaml file : schema.yaml loaded successfully]
[2025-01-14 13:09:14,548: INFO: common: Created directory at: artifacts]
[2025-01-14 13:09:14,589: INFO: common: Created directory at: artifacts/data_validation]
[2025-01-14 13:09:16,907: ERROR: 3167155154: movies schema validation error: column 'genres' not in DataFrameSchema {'movieId': <Schema Column(name=movieId, type=DataType(str))>, 'title': <Schema Column(name=title, type=DataType(str))>, 'genre': <Schema Column(name=genre, type=DataType(str))>}]
Traceback (most recent call last):
  File "/var/folders/jr/rjtkv32d2xx1q0q5z289kkh40000gp/T/ipykernel_2041/3167155154.py", line 19, in validate
    schema.validate(df)
  File "/Users/ntchindagiscard/Documents/end-end-mlflow/.venv/lib/python3.10/site-packages/pandera/api/pandas/container.py", line 126, in validate
    return self._validate(
  File "/Users/ntchindagiscard/Documents/end-end-mlflow/.venv/lib/python3.10/site-packages/pandera/api/pandas/container.py", line 147, in _validate
    return self.get_backend(check_obj).validate(
  File "/Users/ntchindagiscard/Documents/end-end-mlflow/.venv/lib/python3.10/site-packages/pandera/backends/pandas/container.py", line 85, in validate
    error_handler.collect_error(
  File "/Users/ntchindagiscard/Documents/end-end-mlflow/.venv/lib/python3.10/site-packages/pandera/api/base/error_handler.py", line 54, in collect_error
    raise schema_error from original_exc
  File "/Users/ntchindagiscard/Documents/end-end-mlflow/.venv/lib/python3.10/site-packages/pandera/backends/pandas/container.py", line 83, in validate
    check_obj = parser(check_obj, *args)
  File "/Users/ntchindagiscard/Documents/end-end-mlflow/.venv/lib/python3.10/site-packages/pandera/backends/pandas/container.py", line 511, in strict_filter_columns
    raise SchemaError(
pandera.errors.SchemaError: column 'genres' not in DataFrameSchema {'movieId': <Schema Column(name=movieId, type=DataType(str))>, 'title': <Schema Column(name=title, type=DataType(str))>, 'genre': <Schema Column(name=genre, type=DataType(str))>}
[2025-01-14 13:09:20,947: ERROR: 3167155154: ratings schema validation error: expected series 'userId' to have type str:
failure cases:
         index  failure_case
0            0             1
1            1             1
2            2             1
3            3             1
4            4             1
...        ...           ...
100831  100831           610
100832  100832           610
100833  100833           610
100834  100834           610
100835  100835           610

[100836 rows x 2 columns]]
Traceback (most recent call last):
  File "/var/folders/jr/rjtkv32d2xx1q0q5z289kkh40000gp/T/ipykernel_2041/3167155154.py", line 19, in validate
    schema.validate(df)
  File "/Users/ntchindagiscard/Documents/end-end-mlflow/.venv/lib/python3.10/site-packages/pandera/api/pandas/container.py", line 126, in validate
    return self._validate(
  File "/Users/ntchindagiscard/Documents/end-end-mlflow/.venv/lib/python3.10/site-packages/pandera/api/pandas/container.py", line 147, in _validate
    return self.get_backend(check_obj).validate(
  File "/Users/ntchindagiscard/Documents/end-end-mlflow/.venv/lib/python3.10/site-packages/pandera/backends/pandas/container.py", line 104, in validate
    error_handler = self.run_checks_and_handle_errors(
  File "/Users/ntchindagiscard/Documents/end-end-mlflow/.venv/lib/python3.10/site-packages/pandera/backends/pandas/container.py", line 182, in run_checks_and_handle_errors
    error_handler.collect_error(
  File "/Users/ntchindagiscard/Documents/end-end-mlflow/.venv/lib/python3.10/site-packages/pandera/api/base/error_handler.py", line 54, in collect_error
    raise schema_error from original_exc
  File "/Users/ntchindagiscard/Documents/end-end-mlflow/.venv/lib/python3.10/site-packages/pandera/backends/pandas/container.py", line 217, in run_schema_component_checks
    result = schema_component.validate(
  File "/Users/ntchindagiscard/Documents/end-end-mlflow/.venv/lib/python3.10/site-packages/pandera/api/dataframe/components.py", line 149, in validate
    return self.get_backend(check_obj).validate(
  File "/Users/ntchindagiscard/Documents/end-end-mlflow/.venv/lib/python3.10/site-packages/pandera/backends/pandas/components.py", line 142, in validate
    validate_column(check_obj, column_name)
  File "/Users/ntchindagiscard/Documents/end-end-mlflow/.venv/lib/python3.10/site-packages/pandera/backends/pandas/components.py", line 98, in validate_column
    error_handler.collect_error(
  File "/Users/ntchindagiscard/Documents/end-end-mlflow/.venv/lib/python3.10/site-packages/pandera/api/base/error_handler.py", line 54, in collect_error
    raise schema_error from original_exc
  File "/Users/ntchindagiscard/Documents/end-end-mlflow/.venv/lib/python3.10/site-packages/pandera/backends/pandas/components.py", line 74, in validate_column
    validated_check_obj = super(ColumnBackend, self).validate(
  File "/Users/ntchindagiscard/Documents/end-end-mlflow/.venv/lib/python3.10/site-packages/pandera/backends/pandas/array.py", line 77, in validate
    error_handler = self.run_checks_and_handle_errors(
  File "/Users/ntchindagiscard/Documents/end-end-mlflow/.venv/lib/python3.10/site-packages/pandera/backends/pandas/array.py", line 141, in run_checks_and_handle_errors
    error_handler.collect_error(
  File "/Users/ntchindagiscard/Documents/end-end-mlflow/.venv/lib/python3.10/site-packages/pandera/api/base/error_handler.py", line 54, in collect_error
    raise schema_error from original_exc
pandera.errors.SchemaError: expected series 'userId' to have type str:
failure cases:
         index  failure_case
0            0             1
1            1             1
2            2             1
3            3             1
4            4             1
...        ...           ...
100831  100831           610
100832  100832           610
100833  100833           610
100834  100834           610
100835  100835           610

[100836 rows x 2 columns]
[2025-01-14 13:09:21,276: ERROR: 3167155154: tags schema validation error: expected series 'userId' to have type str:
failure cases:
      index  failure_case
0         0             2
1         1             2
2         2             2
3         3             2
4         4             2
...     ...           ...
3678   3678           606
3679   3679           606
3680   3680           610
3681   3681           610
3682   3682           610

[3683 rows x 2 columns]]
Traceback (most recent call last):
  File "/var/folders/jr/rjtkv32d2xx1q0q5z289kkh40000gp/T/ipykernel_2041/3167155154.py", line 19, in validate
    schema.validate(df)
  File "/Users/ntchindagiscard/Documents/end-end-mlflow/.venv/lib/python3.10/site-packages/pandera/api/pandas/container.py", line 126, in validate
    return self._validate(
  File "/Users/ntchindagiscard/Documents/end-end-mlflow/.venv/lib/python3.10/site-packages/pandera/api/pandas/container.py", line 147, in _validate
    return self.get_backend(check_obj).validate(
  File "/Users/ntchindagiscard/Documents/end-end-mlflow/.venv/lib/python3.10/site-packages/pandera/backends/pandas/container.py", line 104, in validate
    error_handler = self.run_checks_and_handle_errors(
  File "/Users/ntchindagiscard/Documents/end-end-mlflow/.venv/lib/python3.10/site-packages/pandera/backends/pandas/container.py", line 182, in run_checks_and_handle_errors
    error_handler.collect_error(
  File "/Users/ntchindagiscard/Documents/end-end-mlflow/.venv/lib/python3.10/site-packages/pandera/api/base/error_handler.py", line 54, in collect_error
    raise schema_error from original_exc
  File "/Users/ntchindagiscard/Documents/end-end-mlflow/.venv/lib/python3.10/site-packages/pandera/backends/pandas/container.py", line 217, in run_schema_component_checks
    result = schema_component.validate(
  File "/Users/ntchindagiscard/Documents/end-end-mlflow/.venv/lib/python3.10/site-packages/pandera/api/dataframe/components.py", line 149, in validate
    return self.get_backend(check_obj).validate(
  File "/Users/ntchindagiscard/Documents/end-end-mlflow/.venv/lib/python3.10/site-packages/pandera/backends/pandas/components.py", line 142, in validate
    validate_column(check_obj, column_name)
  File "/Users/ntchindagiscard/Documents/end-end-mlflow/.venv/lib/python3.10/site-packages/pandera/backends/pandas/components.py", line 98, in validate_column
    error_handler.collect_error(
  File "/Users/ntchindagiscard/Documents/end-end-mlflow/.venv/lib/python3.10/site-packages/pandera/api/base/error_handler.py", line 54, in collect_error
    raise schema_error from original_exc
  File "/Users/ntchindagiscard/Documents/end-end-mlflow/.venv/lib/python3.10/site-packages/pandera/backends/pandas/components.py", line 74, in validate_column
    validated_check_obj = super(ColumnBackend, self).validate(
  File "/Users/ntchindagiscard/Documents/end-end-mlflow/.venv/lib/python3.10/site-packages/pandera/backends/pandas/array.py", line 77, in validate
    error_handler = self.run_checks_and_handle_errors(
  File "/Users/ntchindagiscard/Documents/end-end-mlflow/.venv/lib/python3.10/site-packages/pandera/backends/pandas/array.py", line 141, in run_checks_and_handle_errors
    error_handler.collect_error(
  File "/Users/ntchindagiscard/Documents/end-end-mlflow/.venv/lib/python3.10/site-packages/pandera/api/base/error_handler.py", line 54, in collect_error
    raise schema_error from original_exc
pandera.errors.SchemaError: expected series 'userId' to have type str:
failure cases:
      index  failure_case
0         0             2
1         1             2
2         2             2
3         3             2
4         4             2
...     ...           ...
3678   3678           606
3679   3679           606
3680   3680           610
3681   3681           610
3682   3682           610

[3683 rows x 2 columns]
[2025-01-14 13:13:47,860: INFO: common: Yaml file : config/config.yaml loaded successfully]
[2025-01-14 13:13:47,896: INFO: common: Yaml file : params.yaml loaded successfully]
[2025-01-14 13:13:47,914: INFO: common: Yaml file : schema.yaml loaded successfully]
[2025-01-14 13:13:47,918: INFO: common: Created directory at: artifacts]
[2025-01-14 13:13:47,922: INFO: common: Created directory at: artifacts/data_validation]
[2025-01-14 13:13:48,000: ERROR: 3167155154: movies schema validation error: column 'genres' not in DataFrameSchema {'movieId': <Schema Column(name=movieId, type=DataType(str))>, 'title': <Schema Column(name=title, type=DataType(str))>, 'genre': <Schema Column(name=genre, type=DataType(str))>}]
Traceback (most recent call last):
  File "/var/folders/jr/rjtkv32d2xx1q0q5z289kkh40000gp/T/ipykernel_2041/3167155154.py", line 19, in validate
    schema.validate(df)
  File "/Users/ntchindagiscard/Documents/end-end-mlflow/.venv/lib/python3.10/site-packages/pandera/api/pandas/container.py", line 126, in validate
    return self._validate(
  File "/Users/ntchindagiscard/Documents/end-end-mlflow/.venv/lib/python3.10/site-packages/pandera/api/pandas/container.py", line 147, in _validate
    return self.get_backend(check_obj).validate(
  File "/Users/ntchindagiscard/Documents/end-end-mlflow/.venv/lib/python3.10/site-packages/pandera/backends/pandas/container.py", line 85, in validate
    error_handler.collect_error(
  File "/Users/ntchindagiscard/Documents/end-end-mlflow/.venv/lib/python3.10/site-packages/pandera/api/base/error_handler.py", line 54, in collect_error
    raise schema_error from original_exc
  File "/Users/ntchindagiscard/Documents/end-end-mlflow/.venv/lib/python3.10/site-packages/pandera/backends/pandas/container.py", line 83, in validate
    check_obj = parser(check_obj, *args)
  File "/Users/ntchindagiscard/Documents/end-end-mlflow/.venv/lib/python3.10/site-packages/pandera/backends/pandas/container.py", line 511, in strict_filter_columns
    raise SchemaError(
pandera.errors.SchemaError: column 'genres' not in DataFrameSchema {'movieId': <Schema Column(name=movieId, type=DataType(str))>, 'title': <Schema Column(name=title, type=DataType(str))>, 'genre': <Schema Column(name=genre, type=DataType(str))>}
[2025-01-14 13:13:50,349: ERROR: 3167155154: ratings schema validation error: expected series 'userId' to have type str:
failure cases:
         index  failure_case
0            0             1
1            1             1
2            2             1
3            3             1
4            4             1
...        ...           ...
100831  100831           610
100832  100832           610
100833  100833           610
100834  100834           610
100835  100835           610

[100836 rows x 2 columns]]
Traceback (most recent call last):
  File "/var/folders/jr/rjtkv32d2xx1q0q5z289kkh40000gp/T/ipykernel_2041/3167155154.py", line 19, in validate
    schema.validate(df)
  File "/Users/ntchindagiscard/Documents/end-end-mlflow/.venv/lib/python3.10/site-packages/pandera/api/pandas/container.py", line 126, in validate
    return self._validate(
  File "/Users/ntchindagiscard/Documents/end-end-mlflow/.venv/lib/python3.10/site-packages/pandera/api/pandas/container.py", line 147, in _validate
    return self.get_backend(check_obj).validate(
  File "/Users/ntchindagiscard/Documents/end-end-mlflow/.venv/lib/python3.10/site-packages/pandera/backends/pandas/container.py", line 104, in validate
    error_handler = self.run_checks_and_handle_errors(
  File "/Users/ntchindagiscard/Documents/end-end-mlflow/.venv/lib/python3.10/site-packages/pandera/backends/pandas/container.py", line 182, in run_checks_and_handle_errors
    error_handler.collect_error(
  File "/Users/ntchindagiscard/Documents/end-end-mlflow/.venv/lib/python3.10/site-packages/pandera/api/base/error_handler.py", line 54, in collect_error
    raise schema_error from original_exc
  File "/Users/ntchindagiscard/Documents/end-end-mlflow/.venv/lib/python3.10/site-packages/pandera/backends/pandas/container.py", line 217, in run_schema_component_checks
    result = schema_component.validate(
  File "/Users/ntchindagiscard/Documents/end-end-mlflow/.venv/lib/python3.10/site-packages/pandera/api/dataframe/components.py", line 149, in validate
    return self.get_backend(check_obj).validate(
  File "/Users/ntchindagiscard/Documents/end-end-mlflow/.venv/lib/python3.10/site-packages/pandera/backends/pandas/components.py", line 142, in validate
    validate_column(check_obj, column_name)
  File "/Users/ntchindagiscard/Documents/end-end-mlflow/.venv/lib/python3.10/site-packages/pandera/backends/pandas/components.py", line 98, in validate_column
    error_handler.collect_error(
  File "/Users/ntchindagiscard/Documents/end-end-mlflow/.venv/lib/python3.10/site-packages/pandera/api/base/error_handler.py", line 54, in collect_error
    raise schema_error from original_exc
  File "/Users/ntchindagiscard/Documents/end-end-mlflow/.venv/lib/python3.10/site-packages/pandera/backends/pandas/components.py", line 74, in validate_column
    validated_check_obj = super(ColumnBackend, self).validate(
  File "/Users/ntchindagiscard/Documents/end-end-mlflow/.venv/lib/python3.10/site-packages/pandera/backends/pandas/array.py", line 77, in validate
    error_handler = self.run_checks_and_handle_errors(
  File "/Users/ntchindagiscard/Documents/end-end-mlflow/.venv/lib/python3.10/site-packages/pandera/backends/pandas/array.py", line 141, in run_checks_and_handle_errors
    error_handler.collect_error(
  File "/Users/ntchindagiscard/Documents/end-end-mlflow/.venv/lib/python3.10/site-packages/pandera/api/base/error_handler.py", line 54, in collect_error
    raise schema_error from original_exc
pandera.errors.SchemaError: expected series 'userId' to have type str:
failure cases:
         index  failure_case
0            0             1
1            1             1
2            2             1
3            3             1
4            4             1
...        ...           ...
100831  100831           610
100832  100832           610
100833  100833           610
100834  100834           610
100835  100835           610

[100836 rows x 2 columns]
[2025-01-14 13:13:50,722: ERROR: 3167155154: tags schema validation error: expected series 'userId' to have type str:
failure cases:
      index  failure_case
0         0             2
1         1             2
2         2             2
3         3             2
4         4             2
...     ...           ...
3678   3678           606
3679   3679           606
3680   3680           610
3681   3681           610
3682   3682           610

[3683 rows x 2 columns]]
Traceback (most recent call last):
  File "/var/folders/jr/rjtkv32d2xx1q0q5z289kkh40000gp/T/ipykernel_2041/3167155154.py", line 19, in validate
    schema.validate(df)
  File "/Users/ntchindagiscard/Documents/end-end-mlflow/.venv/lib/python3.10/site-packages/pandera/api/pandas/container.py", line 126, in validate
    return self._validate(
  File "/Users/ntchindagiscard/Documents/end-end-mlflow/.venv/lib/python3.10/site-packages/pandera/api/pandas/container.py", line 147, in _validate
    return self.get_backend(check_obj).validate(
  File "/Users/ntchindagiscard/Documents/end-end-mlflow/.venv/lib/python3.10/site-packages/pandera/backends/pandas/container.py", line 104, in validate
    error_handler = self.run_checks_and_handle_errors(
  File "/Users/ntchindagiscard/Documents/end-end-mlflow/.venv/lib/python3.10/site-packages/pandera/backends/pandas/container.py", line 182, in run_checks_and_handle_errors
    error_handler.collect_error(
  File "/Users/ntchindagiscard/Documents/end-end-mlflow/.venv/lib/python3.10/site-packages/pandera/api/base/error_handler.py", line 54, in collect_error
    raise schema_error from original_exc
  File "/Users/ntchindagiscard/Documents/end-end-mlflow/.venv/lib/python3.10/site-packages/pandera/backends/pandas/container.py", line 217, in run_schema_component_checks
    result = schema_component.validate(
  File "/Users/ntchindagiscard/Documents/end-end-mlflow/.venv/lib/python3.10/site-packages/pandera/api/dataframe/components.py", line 149, in validate
    return self.get_backend(check_obj).validate(
  File "/Users/ntchindagiscard/Documents/end-end-mlflow/.venv/lib/python3.10/site-packages/pandera/backends/pandas/components.py", line 142, in validate
    validate_column(check_obj, column_name)
  File "/Users/ntchindagiscard/Documents/end-end-mlflow/.venv/lib/python3.10/site-packages/pandera/backends/pandas/components.py", line 98, in validate_column
    error_handler.collect_error(
  File "/Users/ntchindagiscard/Documents/end-end-mlflow/.venv/lib/python3.10/site-packages/pandera/api/base/error_handler.py", line 54, in collect_error
    raise schema_error from original_exc
  File "/Users/ntchindagiscard/Documents/end-end-mlflow/.venv/lib/python3.10/site-packages/pandera/backends/pandas/components.py", line 74, in validate_column
    validated_check_obj = super(ColumnBackend, self).validate(
  File "/Users/ntchindagiscard/Documents/end-end-mlflow/.venv/lib/python3.10/site-packages/pandera/backends/pandas/array.py", line 77, in validate
    error_handler = self.run_checks_and_handle_errors(
  File "/Users/ntchindagiscard/Documents/end-end-mlflow/.venv/lib/python3.10/site-packages/pandera/backends/pandas/array.py", line 141, in run_checks_and_handle_errors
    error_handler.collect_error(
  File "/Users/ntchindagiscard/Documents/end-end-mlflow/.venv/lib/python3.10/site-packages/pandera/api/base/error_handler.py", line 54, in collect_error
    raise schema_error from original_exc
pandera.errors.SchemaError: expected series 'userId' to have type str:
failure cases:
      index  failure_case
0         0             2
1         1             2
2         2             2
3         3             2
4         4             2
...     ...           ...
3678   3678           606
3679   3679           606
3680   3680           610
3681   3681           610
3682   3682           610

[3683 rows x 2 columns]
[2025-01-14 13:17:04,713: INFO: common: Yaml file : config/config.yaml loaded successfully]
[2025-01-14 13:17:04,721: INFO: common: Yaml file : params.yaml loaded successfully]
[2025-01-14 13:17:04,741: INFO: common: Yaml file : schema.yaml loaded successfully]
[2025-01-14 13:17:04,751: INFO: common: Created directory at: artifacts]
[2025-01-14 13:17:04,755: INFO: common: Created directory at: artifacts/data_validation]
[2025-01-14 13:17:05,013: ERROR: 3167155154: movies schema validation error: expected series 'movieId' to have type str:
failure cases:
      index  failure_case
0         0             1
1         1             2
2         2             3
3         3             4
4         4             5
...     ...           ...
9737   9737        193581
9738   9738        193583
9739   9739        193585
9740   9740        193587
9741   9741        193609

[9742 rows x 2 columns]]
Traceback (most recent call last):
  File "/var/folders/jr/rjtkv32d2xx1q0q5z289kkh40000gp/T/ipykernel_2041/3167155154.py", line 19, in validate
    schema.validate(df)
  File "/Users/ntchindagiscard/Documents/end-end-mlflow/.venv/lib/python3.10/site-packages/pandera/api/pandas/container.py", line 126, in validate
    return self._validate(
  File "/Users/ntchindagiscard/Documents/end-end-mlflow/.venv/lib/python3.10/site-packages/pandera/api/pandas/container.py", line 147, in _validate
    return self.get_backend(check_obj).validate(
  File "/Users/ntchindagiscard/Documents/end-end-mlflow/.venv/lib/python3.10/site-packages/pandera/backends/pandas/container.py", line 104, in validate
    error_handler = self.run_checks_and_handle_errors(
  File "/Users/ntchindagiscard/Documents/end-end-mlflow/.venv/lib/python3.10/site-packages/pandera/backends/pandas/container.py", line 182, in run_checks_and_handle_errors
    error_handler.collect_error(
  File "/Users/ntchindagiscard/Documents/end-end-mlflow/.venv/lib/python3.10/site-packages/pandera/api/base/error_handler.py", line 54, in collect_error
    raise schema_error from original_exc
  File "/Users/ntchindagiscard/Documents/end-end-mlflow/.venv/lib/python3.10/site-packages/pandera/backends/pandas/container.py", line 217, in run_schema_component_checks
    result = schema_component.validate(
  File "/Users/ntchindagiscard/Documents/end-end-mlflow/.venv/lib/python3.10/site-packages/pandera/api/dataframe/components.py", line 149, in validate
    return self.get_backend(check_obj).validate(
  File "/Users/ntchindagiscard/Documents/end-end-mlflow/.venv/lib/python3.10/site-packages/pandera/backends/pandas/components.py", line 142, in validate
    validate_column(check_obj, column_name)
  File "/Users/ntchindagiscard/Documents/end-end-mlflow/.venv/lib/python3.10/site-packages/pandera/backends/pandas/components.py", line 98, in validate_column
    error_handler.collect_error(
  File "/Users/ntchindagiscard/Documents/end-end-mlflow/.venv/lib/python3.10/site-packages/pandera/api/base/error_handler.py", line 54, in collect_error
    raise schema_error from original_exc
  File "/Users/ntchindagiscard/Documents/end-end-mlflow/.venv/lib/python3.10/site-packages/pandera/backends/pandas/components.py", line 74, in validate_column
    validated_check_obj = super(ColumnBackend, self).validate(
  File "/Users/ntchindagiscard/Documents/end-end-mlflow/.venv/lib/python3.10/site-packages/pandera/backends/pandas/array.py", line 77, in validate
    error_handler = self.run_checks_and_handle_errors(
  File "/Users/ntchindagiscard/Documents/end-end-mlflow/.venv/lib/python3.10/site-packages/pandera/backends/pandas/array.py", line 141, in run_checks_and_handle_errors
    error_handler.collect_error(
  File "/Users/ntchindagiscard/Documents/end-end-mlflow/.venv/lib/python3.10/site-packages/pandera/api/base/error_handler.py", line 54, in collect_error
    raise schema_error from original_exc
pandera.errors.SchemaError: expected series 'movieId' to have type str:
failure cases:
      index  failure_case
0         0             1
1         1             2
2         2             3
3         3             4
4         4             5
...     ...           ...
9737   9737        193581
9738   9738        193583
9739   9739        193585
9740   9740        193587
9741   9741        193609

[9742 rows x 2 columns]
[2025-01-14 13:17:07,604: ERROR: 3167155154: ratings schema validation error: expected series 'userId' to have type str:
failure cases:
         index  failure_case
0            0             1
1            1             1
2            2             1
3            3             1
4            4             1
...        ...           ...
100831  100831           610
100832  100832           610
100833  100833           610
100834  100834           610
100835  100835           610

[100836 rows x 2 columns]]
Traceback (most recent call last):
  File "/var/folders/jr/rjtkv32d2xx1q0q5z289kkh40000gp/T/ipykernel_2041/3167155154.py", line 19, in validate
    schema.validate(df)
  File "/Users/ntchindagiscard/Documents/end-end-mlflow/.venv/lib/python3.10/site-packages/pandera/api/pandas/container.py", line 126, in validate
    return self._validate(
  File "/Users/ntchindagiscard/Documents/end-end-mlflow/.venv/lib/python3.10/site-packages/pandera/api/pandas/container.py", line 147, in _validate
    return self.get_backend(check_obj).validate(
  File "/Users/ntchindagiscard/Documents/end-end-mlflow/.venv/lib/python3.10/site-packages/pandera/backends/pandas/container.py", line 104, in validate
    error_handler = self.run_checks_and_handle_errors(
  File "/Users/ntchindagiscard/Documents/end-end-mlflow/.venv/lib/python3.10/site-packages/pandera/backends/pandas/container.py", line 182, in run_checks_and_handle_errors
    error_handler.collect_error(
  File "/Users/ntchindagiscard/Documents/end-end-mlflow/.venv/lib/python3.10/site-packages/pandera/api/base/error_handler.py", line 54, in collect_error
    raise schema_error from original_exc
  File "/Users/ntchindagiscard/Documents/end-end-mlflow/.venv/lib/python3.10/site-packages/pandera/backends/pandas/container.py", line 217, in run_schema_component_checks
    result = schema_component.validate(
  File "/Users/ntchindagiscard/Documents/end-end-mlflow/.venv/lib/python3.10/site-packages/pandera/api/dataframe/components.py", line 149, in validate
    return self.get_backend(check_obj).validate(
  File "/Users/ntchindagiscard/Documents/end-end-mlflow/.venv/lib/python3.10/site-packages/pandera/backends/pandas/components.py", line 142, in validate
    validate_column(check_obj, column_name)
  File "/Users/ntchindagiscard/Documents/end-end-mlflow/.venv/lib/python3.10/site-packages/pandera/backends/pandas/components.py", line 98, in validate_column
    error_handler.collect_error(
  File "/Users/ntchindagiscard/Documents/end-end-mlflow/.venv/lib/python3.10/site-packages/pandera/api/base/error_handler.py", line 54, in collect_error
    raise schema_error from original_exc
  File "/Users/ntchindagiscard/Documents/end-end-mlflow/.venv/lib/python3.10/site-packages/pandera/backends/pandas/components.py", line 74, in validate_column
    validated_check_obj = super(ColumnBackend, self).validate(
  File "/Users/ntchindagiscard/Documents/end-end-mlflow/.venv/lib/python3.10/site-packages/pandera/backends/pandas/array.py", line 77, in validate
    error_handler = self.run_checks_and_handle_errors(
  File "/Users/ntchindagiscard/Documents/end-end-mlflow/.venv/lib/python3.10/site-packages/pandera/backends/pandas/array.py", line 141, in run_checks_and_handle_errors
    error_handler.collect_error(
  File "/Users/ntchindagiscard/Documents/end-end-mlflow/.venv/lib/python3.10/site-packages/pandera/api/base/error_handler.py", line 54, in collect_error
    raise schema_error from original_exc
pandera.errors.SchemaError: expected series 'userId' to have type str:
failure cases:
         index  failure_case
0            0             1
1            1             1
2            2             1
3            3             1
4            4             1
...        ...           ...
100831  100831           610
100832  100832           610
100833  100833           610
100834  100834           610
100835  100835           610

[100836 rows x 2 columns]
[2025-01-14 13:17:08,018: ERROR: 3167155154: tags schema validation error: expected series 'userId' to have type str:
failure cases:
      index  failure_case
0         0             2
1         1             2
2         2             2
3         3             2
4         4             2
...     ...           ...
3678   3678           606
3679   3679           606
3680   3680           610
3681   3681           610
3682   3682           610

[3683 rows x 2 columns]]
Traceback (most recent call last):
  File "/var/folders/jr/rjtkv32d2xx1q0q5z289kkh40000gp/T/ipykernel_2041/3167155154.py", line 19, in validate
    schema.validate(df)
  File "/Users/ntchindagiscard/Documents/end-end-mlflow/.venv/lib/python3.10/site-packages/pandera/api/pandas/container.py", line 126, in validate
    return self._validate(
  File "/Users/ntchindagiscard/Documents/end-end-mlflow/.venv/lib/python3.10/site-packages/pandera/api/pandas/container.py", line 147, in _validate
    return self.get_backend(check_obj).validate(
  File "/Users/ntchindagiscard/Documents/end-end-mlflow/.venv/lib/python3.10/site-packages/pandera/backends/pandas/container.py", line 104, in validate
    error_handler = self.run_checks_and_handle_errors(
  File "/Users/ntchindagiscard/Documents/end-end-mlflow/.venv/lib/python3.10/site-packages/pandera/backends/pandas/container.py", line 182, in run_checks_and_handle_errors
    error_handler.collect_error(
  File "/Users/ntchindagiscard/Documents/end-end-mlflow/.venv/lib/python3.10/site-packages/pandera/api/base/error_handler.py", line 54, in collect_error
    raise schema_error from original_exc
  File "/Users/ntchindagiscard/Documents/end-end-mlflow/.venv/lib/python3.10/site-packages/pandera/backends/pandas/container.py", line 217, in run_schema_component_checks
    result = schema_component.validate(
  File "/Users/ntchindagiscard/Documents/end-end-mlflow/.venv/lib/python3.10/site-packages/pandera/api/dataframe/components.py", line 149, in validate
    return self.get_backend(check_obj).validate(
  File "/Users/ntchindagiscard/Documents/end-end-mlflow/.venv/lib/python3.10/site-packages/pandera/backends/pandas/components.py", line 142, in validate
    validate_column(check_obj, column_name)
  File "/Users/ntchindagiscard/Documents/end-end-mlflow/.venv/lib/python3.10/site-packages/pandera/backends/pandas/components.py", line 98, in validate_column
    error_handler.collect_error(
  File "/Users/ntchindagiscard/Documents/end-end-mlflow/.venv/lib/python3.10/site-packages/pandera/api/base/error_handler.py", line 54, in collect_error
    raise schema_error from original_exc
  File "/Users/ntchindagiscard/Documents/end-end-mlflow/.venv/lib/python3.10/site-packages/pandera/backends/pandas/components.py", line 74, in validate_column
    validated_check_obj = super(ColumnBackend, self).validate(
  File "/Users/ntchindagiscard/Documents/end-end-mlflow/.venv/lib/python3.10/site-packages/pandera/backends/pandas/array.py", line 77, in validate
    error_handler = self.run_checks_and_handle_errors(
  File "/Users/ntchindagiscard/Documents/end-end-mlflow/.venv/lib/python3.10/site-packages/pandera/backends/pandas/array.py", line 141, in run_checks_and_handle_errors
    error_handler.collect_error(
  File "/Users/ntchindagiscard/Documents/end-end-mlflow/.venv/lib/python3.10/site-packages/pandera/api/base/error_handler.py", line 54, in collect_error
    raise schema_error from original_exc
pandera.errors.SchemaError: expected series 'userId' to have type str:
failure cases:
      index  failure_case
0         0             2
1         1             2
2         2             2
3         3             2
4         4             2
...     ...           ...
3678   3678           606
3679   3679           606
3680   3680           610
3681   3681           610
3682   3682           610

[3683 rows x 2 columns]
[2025-01-14 16:25:54,899: INFO: common: Yaml file : config/config.yaml loaded successfully]
[2025-01-14 16:25:54,926: INFO: common: Yaml file : params.yaml loaded successfully]
[2025-01-14 16:25:54,950: INFO: common: Yaml file : schema.yaml loaded successfully]
[2025-01-14 16:25:54,968: INFO: common: Created directory at: artifacts]
[2025-01-14 16:25:54,978: INFO: common: Created directory at: artifacts/data_validation]
[2025-01-14 16:26:29,770: INFO: common: Yaml file : config/config.yaml loaded successfully]
[2025-01-14 16:26:29,783: INFO: common: Yaml file : params.yaml loaded successfully]
[2025-01-14 16:26:29,817: INFO: common: Yaml file : schema.yaml loaded successfully]
[2025-01-14 16:26:29,826: INFO: common: Created directory at: artifacts]
[2025-01-14 16:26:29,833: INFO: common: Created directory at: artifacts/data_validation]
[2025-01-14 16:26:40,232: INFO: common: Yaml file : config/config.yaml loaded successfully]
[2025-01-14 16:26:40,274: INFO: common: Yaml file : params.yaml loaded successfully]
[2025-01-14 16:26:40,298: INFO: common: Yaml file : schema.yaml loaded successfully]
[2025-01-14 16:26:40,309: INFO: common: Created directory at: artifacts]
[2025-01-14 16:26:40,324: INFO: common: Created directory at: artifacts/data_validation]
[2025-01-14 16:26:54,450: INFO: common: Yaml file : config/config.yaml loaded successfully]
[2025-01-14 16:26:54,459: INFO: common: Yaml file : params.yaml loaded successfully]
[2025-01-14 16:26:54,486: INFO: common: Yaml file : schema.yaml loaded successfully]
[2025-01-14 16:26:54,501: INFO: common: Created directory at: artifacts]
[2025-01-14 16:26:54,525: INFO: common: Created directory at: artifacts/data_validation]
[2025-01-14 16:27:05,671: INFO: common: Yaml file : config/config.yaml loaded successfully]
[2025-01-14 16:27:05,680: INFO: common: Yaml file : params.yaml loaded successfully]
[2025-01-14 16:27:05,698: INFO: common: Yaml file : schema.yaml loaded successfully]
[2025-01-14 16:27:05,707: INFO: common: Created directory at: artifacts]
[2025-01-14 16:27:05,722: INFO: common: Created directory at: artifacts/data_validation]
[2025-01-14 16:27:38,793: INFO: common: Yaml file : config/config.yaml loaded successfully]
[2025-01-14 16:27:38,806: INFO: common: Yaml file : params.yaml loaded successfully]
[2025-01-14 16:27:38,823: INFO: common: Yaml file : schema.yaml loaded successfully]
[2025-01-14 16:27:38,832: INFO: common: Created directory at: artifacts]
[2025-01-14 16:27:38,836: INFO: common: Created directory at: artifacts/data_validation]
[2025-01-14 16:33:44,838: INFO: common: Yaml file : config/config.yaml loaded successfully]
[2025-01-14 16:33:44,860: INFO: common: Yaml file : params.yaml loaded successfully]
[2025-01-14 16:33:44,888: INFO: common: Yaml file : schema.yaml loaded successfully]
[2025-01-14 16:33:44,894: INFO: common: Created directory at: artifacts]
[2025-01-14 16:33:44,905: INFO: common: Created directory at: artifacts/data_validation]
[2025-01-14 16:34:50,791: INFO: common: Yaml file : config/config.yaml loaded successfully]
[2025-01-14 16:34:50,798: INFO: common: Yaml file : params.yaml loaded successfully]
[2025-01-14 16:34:50,822: INFO: common: Yaml file : schema.yaml loaded successfully]
[2025-01-14 16:34:50,840: INFO: common: Created directory at: artifacts]
[2025-01-14 16:34:50,849: INFO: common: Created directory at: artifacts/data_validation]
[2025-01-14 16:34:51,089: INFO: 2865866238: movies validation passed]
[2025-01-14 16:34:51,932: ERROR: 2865866238: ratings schema validation error: expected series 'timestamp' to have type str:
failure cases:
         index  failure_case
0            0     964982703
1            1     964981247
2            2     964982224
3            3     964983815
4            4     964982931
...        ...           ...
100831  100831    1493848402
100832  100832    1493850091
100833  100833    1494273047
100834  100834    1493846352
100835  100835    1493846415

[100836 rows x 2 columns]]
Traceback (most recent call last):
  File "/var/folders/jr/rjtkv32d2xx1q0q5z289kkh40000gp/T/ipykernel_2041/2865866238.py", line 26, in validate
    schema.validate(df)
  File "/Users/ntchindagiscard/Documents/end-end-mlflow/.venv/lib/python3.10/site-packages/pandera/api/pandas/container.py", line 126, in validate
    return self._validate(
  File "/Users/ntchindagiscard/Documents/end-end-mlflow/.venv/lib/python3.10/site-packages/pandera/api/pandas/container.py", line 147, in _validate
    return self.get_backend(check_obj).validate(
  File "/Users/ntchindagiscard/Documents/end-end-mlflow/.venv/lib/python3.10/site-packages/pandera/backends/pandas/container.py", line 104, in validate
    error_handler = self.run_checks_and_handle_errors(
  File "/Users/ntchindagiscard/Documents/end-end-mlflow/.venv/lib/python3.10/site-packages/pandera/backends/pandas/container.py", line 182, in run_checks_and_handle_errors
    error_handler.collect_error(
  File "/Users/ntchindagiscard/Documents/end-end-mlflow/.venv/lib/python3.10/site-packages/pandera/api/base/error_handler.py", line 54, in collect_error
    raise schema_error from original_exc
  File "/Users/ntchindagiscard/Documents/end-end-mlflow/.venv/lib/python3.10/site-packages/pandera/backends/pandas/container.py", line 217, in run_schema_component_checks
    result = schema_component.validate(
  File "/Users/ntchindagiscard/Documents/end-end-mlflow/.venv/lib/python3.10/site-packages/pandera/api/dataframe/components.py", line 149, in validate
    return self.get_backend(check_obj).validate(
  File "/Users/ntchindagiscard/Documents/end-end-mlflow/.venv/lib/python3.10/site-packages/pandera/backends/pandas/components.py", line 142, in validate
    validate_column(check_obj, column_name)
  File "/Users/ntchindagiscard/Documents/end-end-mlflow/.venv/lib/python3.10/site-packages/pandera/backends/pandas/components.py", line 98, in validate_column
    error_handler.collect_error(
  File "/Users/ntchindagiscard/Documents/end-end-mlflow/.venv/lib/python3.10/site-packages/pandera/api/base/error_handler.py", line 54, in collect_error
    raise schema_error from original_exc
  File "/Users/ntchindagiscard/Documents/end-end-mlflow/.venv/lib/python3.10/site-packages/pandera/backends/pandas/components.py", line 74, in validate_column
    validated_check_obj = super(ColumnBackend, self).validate(
  File "/Users/ntchindagiscard/Documents/end-end-mlflow/.venv/lib/python3.10/site-packages/pandera/backends/pandas/array.py", line 77, in validate
    error_handler = self.run_checks_and_handle_errors(
  File "/Users/ntchindagiscard/Documents/end-end-mlflow/.venv/lib/python3.10/site-packages/pandera/backends/pandas/array.py", line 141, in run_checks_and_handle_errors
    error_handler.collect_error(
  File "/Users/ntchindagiscard/Documents/end-end-mlflow/.venv/lib/python3.10/site-packages/pandera/api/base/error_handler.py", line 54, in collect_error
    raise schema_error from original_exc
pandera.errors.SchemaError: expected series 'timestamp' to have type str:
failure cases:
         index  failure_case
0            0     964982703
1            1     964981247
2            2     964982224
3            3     964983815
4            4     964982931
...        ...           ...
100831  100831    1493848402
100832  100832    1493850091
100833  100833    1494273047
100834  100834    1493846352
100835  100835    1493846415

[100836 rows x 2 columns]
[2025-01-14 16:34:52,070: ERROR: 2865866238: tags schema validation error: expected series 'timestamp' to have type str:
failure cases:
      index  failure_case
0         0    1445714994
1         1    1445714996
2         2    1445714992
3         3    1445715207
4         4    1445715200
...     ...           ...
3678   3678    1171234019
3679   3679    1173392334
3680   3680    1493843984
3681   3681    1493843978
3682   3682    1493844270

[3683 rows x 2 columns]]
Traceback (most recent call last):
  File "/var/folders/jr/rjtkv32d2xx1q0q5z289kkh40000gp/T/ipykernel_2041/2865866238.py", line 26, in validate
    schema.validate(df)
  File "/Users/ntchindagiscard/Documents/end-end-mlflow/.venv/lib/python3.10/site-packages/pandera/api/pandas/container.py", line 126, in validate
    return self._validate(
  File "/Users/ntchindagiscard/Documents/end-end-mlflow/.venv/lib/python3.10/site-packages/pandera/api/pandas/container.py", line 147, in _validate
    return self.get_backend(check_obj).validate(
  File "/Users/ntchindagiscard/Documents/end-end-mlflow/.venv/lib/python3.10/site-packages/pandera/backends/pandas/container.py", line 104, in validate
    error_handler = self.run_checks_and_handle_errors(
  File "/Users/ntchindagiscard/Documents/end-end-mlflow/.venv/lib/python3.10/site-packages/pandera/backends/pandas/container.py", line 182, in run_checks_and_handle_errors
    error_handler.collect_error(
  File "/Users/ntchindagiscard/Documents/end-end-mlflow/.venv/lib/python3.10/site-packages/pandera/api/base/error_handler.py", line 54, in collect_error
    raise schema_error from original_exc
  File "/Users/ntchindagiscard/Documents/end-end-mlflow/.venv/lib/python3.10/site-packages/pandera/backends/pandas/container.py", line 217, in run_schema_component_checks
    result = schema_component.validate(
  File "/Users/ntchindagiscard/Documents/end-end-mlflow/.venv/lib/python3.10/site-packages/pandera/api/dataframe/components.py", line 149, in validate
    return self.get_backend(check_obj).validate(
  File "/Users/ntchindagiscard/Documents/end-end-mlflow/.venv/lib/python3.10/site-packages/pandera/backends/pandas/components.py", line 142, in validate
    validate_column(check_obj, column_name)
  File "/Users/ntchindagiscard/Documents/end-end-mlflow/.venv/lib/python3.10/site-packages/pandera/backends/pandas/components.py", line 98, in validate_column
    error_handler.collect_error(
  File "/Users/ntchindagiscard/Documents/end-end-mlflow/.venv/lib/python3.10/site-packages/pandera/api/base/error_handler.py", line 54, in collect_error
    raise schema_error from original_exc
  File "/Users/ntchindagiscard/Documents/end-end-mlflow/.venv/lib/python3.10/site-packages/pandera/backends/pandas/components.py", line 74, in validate_column
    validated_check_obj = super(ColumnBackend, self).validate(
  File "/Users/ntchindagiscard/Documents/end-end-mlflow/.venv/lib/python3.10/site-packages/pandera/backends/pandas/array.py", line 77, in validate
    error_handler = self.run_checks_and_handle_errors(
  File "/Users/ntchindagiscard/Documents/end-end-mlflow/.venv/lib/python3.10/site-packages/pandera/backends/pandas/array.py", line 141, in run_checks_and_handle_errors
    error_handler.collect_error(
  File "/Users/ntchindagiscard/Documents/end-end-mlflow/.venv/lib/python3.10/site-packages/pandera/api/base/error_handler.py", line 54, in collect_error
    raise schema_error from original_exc
pandera.errors.SchemaError: expected series 'timestamp' to have type str:
failure cases:
      index  failure_case
0         0    1445714994
1         1    1445714996
2         2    1445714992
3         3    1445715207
4         4    1445715200
...     ...           ...
3678   3678    1171234019
3679   3679    1173392334
3680   3680    1493843984
3681   3681    1493843978
3682   3682    1493844270

[3683 rows x 2 columns]
[2025-01-14 16:35:26,217: INFO: common: Yaml file : config/config.yaml loaded successfully]
[2025-01-14 16:35:26,228: INFO: common: Yaml file : params.yaml loaded successfully]
[2025-01-14 16:35:26,261: INFO: common: Yaml file : schema.yaml loaded successfully]
[2025-01-14 16:35:26,268: INFO: common: Created directory at: artifacts]
[2025-01-14 16:35:26,276: INFO: common: Created directory at: artifacts/data_validation]
[2025-01-14 16:35:26,571: INFO: 2865866238: movies validation passed]
[2025-01-14 16:35:26,967: INFO: 2865866238: ratings validation passed]
[2025-01-14 16:35:27,237: INFO: 2865866238: tags validation passed]
[2025-01-14 16:35:58,695: INFO: common: Yaml file : config/config.yaml loaded successfully]
[2025-01-14 16:35:58,703: INFO: common: Yaml file : params.yaml loaded successfully]
[2025-01-14 16:35:58,724: INFO: common: Yaml file : schema.yaml loaded successfully]
[2025-01-14 16:35:58,730: INFO: common: Created directory at: artifacts]
[2025-01-14 16:35:58,734: INFO: common: Created directory at: artifacts/data_validation]
[2025-01-14 16:35:59,046: INFO: 2865866238: movies validation passed]
[2025-01-14 16:35:59,397: INFO: 2865866238: ratings validation passed]
[2025-01-14 16:47:37,854: INFO: common: Yaml file : config/config.yaml loaded successfully]
[2025-01-14 16:47:37,874: INFO: common: Yaml file : params.yaml loaded successfully]
[2025-01-14 16:47:37,908: INFO: common: Yaml file : schema.yaml loaded successfully]
[2025-01-14 16:47:37,922: INFO: common: Created directory at: artifacts]
[2025-01-14 16:47:37,931: INFO: common: Created directory at: artifacts/data_validation]
[2025-01-14 16:47:38,277: INFO: 2865866238: movies validation passed]
[2025-01-14 16:47:38,709: INFO: 2865866238: ratings validation passed]
[2025-01-14 20:38:08,456: INFO: common: Yaml file : config/config.yaml loaded successfully]
[2025-01-14 20:38:08,522: INFO: common: Yaml file : params.yaml loaded successfully]
[2025-01-14 20:38:08,563: INFO: common: Yaml file : schema.yaml loaded successfully]
[2025-01-14 20:38:08,591: INFO: common: Created directory at: artifacts]
[2025-01-14 20:38:08,603: INFO: common: Created directory at: artifacts/data_validation]
[2025-01-14 20:38:09,191: INFO: 2865866238: movies validation passed]
[2025-01-14 20:38:09,971: INFO: 2865866238: ratings validation passed]
[2025-01-14 21:56:01,802: INFO: common: Yaml file : config/config.yaml loaded successfully]
[2025-01-14 21:56:01,859: INFO: common: Yaml file : params.yaml loaded successfully]
[2025-01-14 21:56:01,987: INFO: common: Yaml file : schema.yaml loaded successfully]
[2025-01-14 21:56:02,003: INFO: common: Created directory at: artifacts]
[2025-01-14 21:56:02,008: INFO: common: Created directory at: artifacts/data_validation]
[2025-01-14 21:56:02,634: INFO: 2865866238: movies validation passed]
[2025-01-14 21:56:03,318: INFO: 2865866238: ratings validation passed]
[2025-01-14 22:05:08,187: INFO: common: Yaml file : config/config.yaml loaded successfully]
[2025-01-14 22:05:08,207: INFO: common: Yaml file : params.yaml loaded successfully]
[2025-01-14 22:05:08,242: INFO: common: Yaml file : schema.yaml loaded successfully]
[2025-01-14 22:05:08,252: INFO: common: Created directory at: artifacts]
[2025-01-14 22:05:08,267: INFO: common: Created directory at: artifacts/data_validation]
[2025-01-14 22:05:09,072: INFO: 2047657000: movies validation passed]
[2025-01-14 22:05:09,743: INFO: 2047657000: ratings validation passed]
[2025-01-14 22:06:18,726: INFO: common: Yaml file : config/config.yaml loaded successfully]
[2025-01-14 22:06:18,737: INFO: common: Yaml file : params.yaml loaded successfully]
[2025-01-14 22:06:18,762: INFO: common: Yaml file : schema.yaml loaded successfully]
[2025-01-14 22:06:18,769: INFO: common: Created directory at: artifacts]
[2025-01-14 22:06:18,778: INFO: common: Created directory at: artifacts/data_validation]
[2025-01-14 22:06:19,198: INFO: 2047657000: movies validation passed]
[2025-01-14 22:06:19,837: INFO: 2047657000: ratings validation passed]
[2025-01-14 22:06:20,258: INFO: 1193771097: Data range validation for 'ratings' failed.]
[2025-01-14 22:06:20,451: INFO: 2047657000: tags validation passed]
[2025-01-14 22:07:26,451: INFO: common: Yaml file : config/config.yaml loaded successfully]
[2025-01-14 22:07:26,464: INFO: common: Yaml file : params.yaml loaded successfully]
[2025-01-14 22:07:26,497: INFO: common: Yaml file : schema.yaml loaded successfully]
[2025-01-14 22:07:26,504: INFO: common: Created directory at: artifacts]
[2025-01-14 22:07:26,514: INFO: common: Created directory at: artifacts/data_validation]
[2025-01-14 22:07:27,113: INFO: 2047657000: movies validation passed]
[2025-01-14 22:07:28,251: INFO: 2047657000: ratings validation passed]
[2025-01-14 22:07:28,918: INFO: 1193771097: Data range validation for 'ratings' failed.]
[2025-01-14 22:07:29,357: INFO: 2047657000: tags validation passed]
[2025-01-14 22:12:59,124: INFO: common: Yaml file : config/config.yaml loaded successfully]
[2025-01-14 22:12:59,258: INFO: common: Yaml file : params.yaml loaded successfully]
[2025-01-14 22:12:59,381: INFO: common: Yaml file : schema.yaml loaded successfully]
[2025-01-14 22:12:59,399: INFO: common: Created directory at: artifacts]
[2025-01-14 22:12:59,494: INFO: common: Created directory at: artifacts/data_validation]
[2025-01-14 22:13:00,593: INFO: 2929335959: Schema validation for movies  passed]
[2025-01-14 22:13:01,807: INFO: 2929335959: Schema validation for ratings  passed]
[2025-01-14 22:13:02,332: ERROR: 3880404119: 'Logger' object has no attribute 'infor']
Traceback (most recent call last):
  File "/var/folders/jr/rjtkv32d2xx1q0q5z289kkh40000gp/T/ipykernel_1181/3880404119.py", line 24, in validate_dataset
    range_validator.validate(df)
  File "/var/folders/jr/rjtkv32d2xx1q0q5z289kkh40000gp/T/ipykernel_1181/3926765306.py", line 26, in validate
    logger.infor(f"Statuses of of run test {test_statuses} ")
AttributeError: 'Logger' object has no attribute 'infor'. Did you mean: 'info'?
[2025-01-14 22:13:02,426: ERROR: 1088312714: 'Logger' object has no attribute 'infor']
Traceback (most recent call last):
  File "/var/folders/jr/rjtkv32d2xx1q0q5z289kkh40000gp/T/ipykernel_1181/1088312714.py", line 5, in <module>
    data_validator.validate_dataset()
  File "/var/folders/jr/rjtkv32d2xx1q0q5z289kkh40000gp/T/ipykernel_1181/3880404119.py", line 28, in validate_dataset
    raise e
  File "/var/folders/jr/rjtkv32d2xx1q0q5z289kkh40000gp/T/ipykernel_1181/3880404119.py", line 24, in validate_dataset
    range_validator.validate(df)
  File "/var/folders/jr/rjtkv32d2xx1q0q5z289kkh40000gp/T/ipykernel_1181/3926765306.py", line 26, in validate
    logger.infor(f"Statuses of of run test {test_statuses} ")
AttributeError: 'Logger' object has no attribute 'infor'. Did you mean: 'info'?
[2025-01-14 22:14:23,681: INFO: common: Yaml file : config/config.yaml loaded successfully]
[2025-01-14 22:14:23,697: INFO: common: Yaml file : params.yaml loaded successfully]
[2025-01-14 22:14:23,736: INFO: common: Yaml file : schema.yaml loaded successfully]
[2025-01-14 22:14:23,749: INFO: common: Created directory at: artifacts]
[2025-01-14 22:14:23,759: INFO: common: Created directory at: artifacts/data_validation]
[2025-01-14 22:14:24,139: INFO: 2929335959: Schema validation for movies  passed]
[2025-01-14 22:14:24,935: INFO: 2929335959: Schema validation for ratings  passed]
[2025-01-14 22:14:25,374: INFO: 3703779229: Statuses of of run test ['ERROR'] ]
[2025-01-14 22:14:25,388: ERROR: 3880404119: name 'e' is not defined]
Traceback (most recent call last):
  File "/var/folders/jr/rjtkv32d2xx1q0q5z289kkh40000gp/T/ipykernel_1181/3880404119.py", line 24, in validate_dataset
    range_validator.validate(df)
  File "/var/folders/jr/rjtkv32d2xx1q0q5z289kkh40000gp/T/ipykernel_1181/3703779229.py", line 31, in validate
    logger.info(f"Data range validation for '{self.column_name}' failed because of {e}.")
NameError: name 'e' is not defined
[2025-01-14 22:14:25,412: ERROR: 1088312714: name 'e' is not defined]
Traceback (most recent call last):
  File "/var/folders/jr/rjtkv32d2xx1q0q5z289kkh40000gp/T/ipykernel_1181/1088312714.py", line 5, in <module>
    data_validator.validate_dataset()
  File "/var/folders/jr/rjtkv32d2xx1q0q5z289kkh40000gp/T/ipykernel_1181/3880404119.py", line 28, in validate_dataset
    raise e
  File "/var/folders/jr/rjtkv32d2xx1q0q5z289kkh40000gp/T/ipykernel_1181/3880404119.py", line 24, in validate_dataset
    range_validator.validate(df)
  File "/var/folders/jr/rjtkv32d2xx1q0q5z289kkh40000gp/T/ipykernel_1181/3703779229.py", line 31, in validate
    logger.info(f"Data range validation for '{self.column_name}' failed because of {e}.")
NameError: name 'e' is not defined
[2025-01-14 22:15:29,660: INFO: common: Yaml file : config/config.yaml loaded successfully]
[2025-01-14 22:15:29,700: INFO: common: Yaml file : params.yaml loaded successfully]
[2025-01-14 22:15:29,727: INFO: common: Yaml file : schema.yaml loaded successfully]
[2025-01-14 22:15:29,738: INFO: common: Created directory at: artifacts]
[2025-01-14 22:15:29,743: INFO: common: Created directory at: artifacts/data_validation]
[2025-01-14 22:15:29,893: INFO: 2929335959: Schema validation for movies  passed]
[2025-01-14 22:15:30,171: INFO: 2929335959: Schema validation for ratings  passed]
[2025-01-14 22:15:30,321: INFO: 1105397407: Statuses of ran tests: ['ERROR'] ]
[2025-01-14 22:15:30,327: INFO: 1105397407: Data range validation for 'ratings' failed.]
[2025-01-14 22:15:30,421: INFO: 2929335959: Schema validation for tags  passed]
[2025-01-14 22:16:11,799: INFO: common: Yaml file : config/config.yaml loaded successfully]
[2025-01-14 22:16:11,816: INFO: common: Yaml file : params.yaml loaded successfully]
[2025-01-14 22:16:11,839: INFO: common: Yaml file : schema.yaml loaded successfully]
[2025-01-14 22:16:11,846: INFO: common: Created directory at: artifacts]
[2025-01-14 22:16:11,851: INFO: common: Created directory at: artifacts/data_validation]
[2025-01-14 22:16:12,036: INFO: 2929335959: Schema validation for movies  passed]
[2025-01-14 22:16:12,325: INFO: 2929335959: Schema validation for ratings  passed]
[2025-01-14 22:16:12,708: INFO: 1105397407: Statuses of ran tests: ['ERROR'] ]
[2025-01-14 22:16:12,726: INFO: 1105397407: Data range validation for 'ratings' failed.]
[2025-01-14 22:16:13,053: INFO: 2929335959: Schema validation for tags  passed]
[2025-01-14 22:16:20,280: INFO: common: Yaml file : config/config.yaml loaded successfully]
[2025-01-14 22:16:20,293: INFO: common: Yaml file : params.yaml loaded successfully]
[2025-01-14 22:16:20,341: INFO: common: Yaml file : schema.yaml loaded successfully]
[2025-01-14 22:16:20,353: INFO: common: Created directory at: artifacts]
[2025-01-14 22:16:20,367: INFO: common: Created directory at: artifacts/data_validation]
[2025-01-14 22:16:20,743: INFO: 2929335959: Schema validation for movies  passed]
[2025-01-14 22:16:21,126: INFO: 2929335959: Schema validation for ratings  passed]
[2025-01-14 22:16:21,453: INFO: 1105397407: Statuses of ran tests: ['ERROR'] ]
[2025-01-14 22:16:21,466: INFO: 1105397407: Data range validation for 'ratings' failed.]
[2025-01-14 22:16:21,614: INFO: 2929335959: Schema validation for tags  passed]
[2025-01-14 22:17:00,166: INFO: common: Yaml file : config/config.yaml loaded successfully]
[2025-01-14 22:17:00,179: INFO: common: Yaml file : params.yaml loaded successfully]
[2025-01-14 22:17:00,202: INFO: common: Yaml file : schema.yaml loaded successfully]
[2025-01-14 22:17:00,213: INFO: common: Created directory at: artifacts]
[2025-01-14 22:17:00,220: INFO: common: Created directory at: artifacts/data_validation]
[2025-01-14 22:17:00,572: INFO: 2929335959: Schema validation for movies  passed]
[2025-01-14 22:17:01,048: INFO: 2929335959: Schema validation for ratings  passed]
[2025-01-14 22:17:01,252: INFO: 3466733426: Statuses of ran tests: {'tests': [{'name': 'Value Range', 'description': "Test failed with exceptions: Column ratings isn't present in data", 'status': 'ERROR', 'group': 'data_quality', 'parameters': {}}], 'summary': {'all_passed': False, 'total_tests': 1, 'success_tests': 0, 'failed_tests': 0, 'by_status': {'ERROR': 1}}} ]
[2025-01-14 22:17:01,285: INFO: 3466733426: Data range validation for 'ratings' failed.]
[2025-01-14 22:17:01,420: INFO: 2929335959: Schema validation for tags  passed]
[2025-01-14 22:22:26,455: INFO: common: Yaml file : config/config.yaml loaded successfully]
[2025-01-14 22:22:26,468: INFO: common: Yaml file : params.yaml loaded successfully]
[2025-01-14 22:22:26,493: INFO: common: Yaml file : schema.yaml loaded successfully]
[2025-01-14 22:22:26,500: INFO: common: Created directory at: artifacts]
[2025-01-14 22:22:26,506: INFO: common: Created directory at: artifacts/data_validation]
[2025-01-14 22:22:26,887: INFO: 2929335959: Schema validation for movies  passed]
[2025-01-14 22:22:27,122: INFO: 2929335959: Schema validation for ratings  passed]
[2025-01-14 22:22:27,578: INFO: 855803853: Statuses of ran tests: {'tests': [{'name': 'Value Range', 'description': 'All values in the column **rating** are within range', 'status': 'SUCCESS', 'group': 'data_quality', 'parameters': None}], 'summary': {'all_passed': True, 'total_tests': 1, 'success_tests': 1, 'failed_tests': 0, 'by_status': {'SUCCESS': 1}}} ]
[2025-01-14 22:22:27,584: INFO: 855803853: Data range validation for 'rating' passed.]
[2025-01-14 22:22:27,659: INFO: 2929335959: Schema validation for tags  passed]
